/*
SQLyog Enterprise - MySQL GUI v7.15 
MySQL - 5.1.47-community : Database - redesneuronales
*********************************************************************
*/

/*!40101 SET NAMES utf8 */;

/*!40101 SET SQL_MODE=''*/;

/*!40014 SET @OLD_FOREIGN_KEY_CHECKS=@@FOREIGN_KEY_CHECKS, FOREIGN_KEY_CHECKS=0 */;
/*!40101 SET @OLD_SQL_MODE=@@SQL_MODE, SQL_MODE='NO_AUTO_VALUE_ON_ZERO' */;

CREATE DATABASE /*!32312 IF NOT EXISTS*/`redesneuronales` /*!40100 DEFAULT CHARACTER SET latin1 */;

USE `redesneuronales`;

/*Table structure for table `tab_capa` */

DROP TABLE IF EXISTS `tab_capa`;

CREATE TABLE `tab_capa` (
  `cap_id` int(10) unsigned NOT NULL,
  `cap_num_neuronas` int(10) unsigned NOT NULL,
  `cap_num_sinapsis_atras` int(10) unsigned NOT NULL,
  `cap_num_sinapsis_adelante` int(10) unsigned NOT NULL,
  `cap_num_sinapsis_lateral` int(10) unsigned NOT NULL,
  `red_id` int(10) unsigned NOT NULL,
  PRIMARY KEY (`cap_id`,`red_id`) USING BTREE,
  KEY `FK_tab_capa_1` (`red_id`),
  CONSTRAINT `FK_tab_capa_1` FOREIGN KEY (`red_id`) REFERENCES `tab_red` (`red_id`)
) ENGINE=InnoDB DEFAULT CHARSET=latin1;

/*Data for the table `tab_capa` */

insert  into `tab_capa`(`cap_id`,`cap_num_neuronas`,`cap_num_sinapsis_atras`,`cap_num_sinapsis_adelante`,`cap_num_sinapsis_lateral`,`red_id`) values (0,2,0,2,0,0),(0,6,0,6,0,1),(0,6,0,6,0,2),(0,2,0,2,0,3),(0,2,0,2,0,4),(0,2,0,2,0,5),(0,2,0,2,0,6),(0,2,0,2,0,7),(0,7,0,7,0,8),(0,7,0,7,0,9),(0,7,0,7,0,10),(0,7,0,7,0,11),(0,7,0,7,0,12),(0,7,0,7,0,13),(0,7,0,7,0,14),(0,7,0,7,0,15),(0,7,0,7,0,16),(0,7,0,7,0,17),(0,7,0,7,0,18),(0,7,0,7,0,19),(0,2,0,2,0,20),(0,7,0,7,0,21),(0,7,0,7,0,22),(0,7,0,7,0,23),(0,7,0,7,0,24),(0,2,0,2,0,25),(0,9,0,9,0,26),(0,9,0,9,0,27),(0,2,0,2,0,28),(1,2,0,2,0,0),(1,4,0,4,0,1),(1,4,0,4,0,2),(1,2,0,2,0,3),(1,2,0,2,0,4),(1,2,0,2,0,5),(1,2,0,2,0,6),(1,2,0,2,0,7),(1,4,0,4,0,8),(1,5,0,5,0,9),(1,4,0,4,0,10),(1,5,0,5,0,11),(1,6,0,6,0,12),(1,6,0,6,0,13),(1,7,0,7,0,14),(1,9,0,9,0,15),(1,6,0,6,0,16),(1,6,0,6,0,17),(1,6,0,6,0,18),(1,6,0,6,0,19),(1,2,0,2,0,20),(1,5,0,5,0,21),(1,6,0,6,0,22),(1,7,0,7,0,23),(1,3,0,3,0,24),(1,2,0,2,0,25),(1,5,0,5,0,26),(1,4,0,4,0,27),(1,2,0,2,0,28),(2,1,0,0,0,0),(2,1,0,0,0,1),(2,1,0,0,0,2),(2,1,0,0,0,3),(2,1,0,0,0,4),(2,1,0,0,0,5),(2,1,0,0,0,6),(2,1,0,0,0,7),(2,1,0,0,0,8),(2,1,0,0,0,9),(2,1,0,0,0,10),(2,1,0,0,0,11),(2,1,0,0,0,12),(2,1,0,0,0,13),(2,1,0,0,0,14),(2,1,0,0,0,15),(2,1,0,0,0,16),(2,1,0,0,0,17),(2,1,0,0,0,18),(2,1,0,0,0,19),(2,1,0,0,0,20),(2,1,0,0,0,21),(2,1,0,0,0,22),(2,1,0,0,0,23),(2,1,0,0,0,24),(2,1,0,0,0,25),(2,1,0,0,0,26),(2,1,0,0,0,27),(2,1,0,0,0,28);

/*Table structure for table `tab_detalle_patron` */

DROP TABLE IF EXISTS `tab_detalle_patron`;

CREATE TABLE `tab_detalle_patron` (
  `red_id` int(11) DEFAULT NULL,
  `nombre_columna` varchar(50) DEFAULT NULL,
  `tipo` char(3) DEFAULT NULL
) ENGINE=InnoDB DEFAULT CHARSET=latin1;

/*Data for the table `tab_detalle_patron` */

insert  into `tab_detalle_patron`(`red_id`,`nombre_columna`,`tipo`) values (0,'x','IN'),(0,'y','IN'),(0,'out','OUT'),(0,'x','IN'),(0,'y','IN'),(0,'out','OUT'),(0,'x','IN'),(0,'y','IN'),(0,'out','OUT'),(1,'val_efectiv','IN'),(1,'val_che_dia','IN'),(1,'val_che_fec','IN'),(1,'val_che_pro','IN'),(1,'val_notacre','IN'),(1,'val_notadeb','IN'),(1,'estado','OUT'),(1,'val_efectiv','IN'),(1,'val_che_dia','IN'),(1,'val_che_fec','IN'),(1,'val_che_pro','IN'),(1,'val_notacre','IN'),(1,'val_notadeb','IN'),(1,'estado','OUT'),(1,'val_efectiv','IN'),(1,'val_che_dia','IN'),(1,'val_che_fec','IN'),(1,'val_che_pro','IN'),(1,'val_notacre','IN'),(1,'val_notadeb','IN'),(1,'estado','OUT'),(1,'val_efectiv','IN'),(1,'val_che_dia','IN'),(1,'val_che_fec','IN'),(1,'val_che_pro','IN'),(1,'val_notacre','IN'),(1,'val_notadeb','IN'),(1,'estado','OUT'),(1,'val_efectiv','IN'),(1,'val_che_dia','IN'),(1,'val_che_fec','IN'),(1,'val_che_pro','IN'),(1,'val_notacre','IN'),(1,'val_notadeb','IN'),(1,'estado','OUT'),(1,'val_efectiv','IN'),(1,'val_che_dia','IN'),(1,'val_che_fec','IN'),(1,'val_che_pro','IN'),(1,'val_notacre','IN'),(1,'val_notadeb','IN'),(1,'estado','OUT'),(1,'val_efectiv','IN'),(1,'val_che_dia','IN'),(1,'val_che_fec','IN'),(1,'val_che_pro','IN'),(1,'val_notacre','IN'),(1,'val_notadeb','IN'),(1,'estado','OUT'),(1,'val_efectiv','IN'),(1,'val_che_dia','IN'),(1,'val_che_fec','IN'),(1,'val_che_pro','IN'),(1,'val_notacre','IN'),(1,'val_notadeb','IN'),(1,'estado','OUT'),(2,'lim_cre_act','OUT'),(2,'val_efectiv','IN'),(2,'val_che_dia','IN'),(2,'val_che_fec','IN'),(2,'val_che_pro','IN'),(2,'val_notacre','IN'),(2,'val_notadeb','IN'),(2,'lim_cre_act','OUT'),(2,'val_efectiv','IN'),(2,'val_che_dia','IN'),(2,'val_che_fec','IN'),(2,'val_che_pro','IN'),(2,'val_notacre','IN'),(2,'val_notadeb','IN'),(2,'lim_cre_act','OUT'),(2,'val_efectiv','IN'),(2,'val_che_dia','IN'),(2,'val_che_fec','IN'),(2,'val_che_pro','IN'),(2,'val_notacre','IN'),(2,'val_notadeb','IN'),(2,'lim_cre_act','OUT'),(2,'val_efectiv','IN'),(2,'val_che_dia','IN'),(2,'val_che_fec','IN'),(2,'val_che_pro','IN'),(2,'val_notacre','IN'),(2,'val_notadeb','IN'),(2,'lim_cre_act','OUT'),(2,'val_efectiv','IN'),(2,'val_che_dia','IN'),(2,'val_che_fec','IN'),(2,'val_che_pro','IN'),(2,'val_notacre','IN'),(2,'val_notadeb','IN'),(3,'X','IN'),(3,'Y','IN'),(3,'X and Y','OUT'),(3,'X','IN'),(3,'Y','IN'),(3,'X and Y','OUT'),(4,'X','IN'),(4,'Y','IN'),(4,'X OR Y','OUT'),(2,'lim_cre_act','OUT'),(2,'val_efectiv','IN'),(2,'val_che_dia','IN'),(2,'val_che_fec','IN'),(2,'val_che_pro','IN'),(2,'val_notacre','IN'),(2,'val_notadeb','IN'),(4,'X','IN'),(4,'Y','IN'),(4,'X OR Y','OUT'),(4,'X','IN'),(4,'Y','IN'),(4,'X OR Y','OUT'),(4,'X','IN'),(4,'Y','IN'),(4,'X OR Y','OUT'),(5,'lim_cre_act','OUT'),(5,'val_factura','IN'),(5,'val_notaven','IN'),(5,'lim_cre_act','OUT'),(5,'val_factura','IN'),(5,'val_notaven','IN'),(5,'lim_cre_act','OUT'),(5,'val_factura','IN'),(5,'val_notaven','IN'),(5,'lim_cre_act','OUT'),(5,'val_factura','IN'),(5,'val_notaven','IN'),(5,'lim_cre_act','OUT'),(5,'val_factura','IN'),(5,'val_notaven','IN'),(5,'lim_cre_act','OUT'),(5,'val_factura','IN'),(5,'val_notaven','IN'),(5,'lim_cre_act','OUT'),(5,'val_factura','IN'),(5,'val_notaven','IN'),(5,'lim_cre_act','OUT'),(5,'val_factura','IN'),(5,'val_notaven','IN'),(5,'lim_cre_act','OUT'),(5,'val_factura','IN'),(5,'val_notaven','IN'),(5,'lim_cre_act','OUT'),(5,'val_factura','IN'),(5,'val_notaven','IN'),(5,'lim_cre_act','OUT'),(5,'val_factura','IN'),(5,'val_notaven','IN'),(5,'lim_cre_act','OUT'),(5,'val_factura','IN'),(5,'val_notaven','IN'),(5,'lim_cre_act','OUT'),(5,'val_factura','IN'),(5,'val_notaven','IN'),(5,'lim_cre_act','OUT'),(5,'val_factura','IN'),(5,'val_notaven','IN'),(5,'lim_cre_act','OUT'),(5,'val_factura','IN'),(5,'val_notaven','IN'),(0,'x','IN'),(0,'y','IN'),(0,'out','OUT'),(5,'lim_cre_act','OUT'),(5,'val_factura','IN'),(5,'val_notaven','IN'),(5,'lim_cre_act','OUT'),(5,'val_factura','IN'),(5,'val_notaven','IN'),(2,'lim_cre_act','OUT'),(2,'val_efectiv','IN'),(2,'val_che_dia','IN'),(2,'val_che_fec','IN'),(2,'val_che_pro','IN'),(2,'val_notacre','IN'),(2,'val_notadeb','IN'),(1,'val_efectiv','IN'),(1,'val_che_dia','IN'),(1,'val_che_fec','IN'),(1,'val_che_pro','IN'),(1,'val_notacre','IN'),(1,'val_notadeb','IN'),(1,'estado','OUT'),(3,'X','IN'),(3,'Y','IN'),(3,'X and Y','OUT'),(1,'lim_cre_act','OUT'),(1,'val_efectiv','IN'),(1,'val_che_dia','IN'),(1,'val_che_fec','IN'),(1,'val_che_pro','IN'),(1,'val_notacre','IN'),(1,'val_notadeb','IN'),(1,'lim_cre_act','OUT'),(1,'val_efectiv','IN'),(1,'val_che_dia','IN'),(1,'val_che_fec','IN'),(1,'val_che_pro','IN'),(1,'val_notacre','IN'),(1,'val_notadeb','IN'),(1,'estado','OUT'),(1,'lim_cre_act','OUT'),(1,'val_efectiv','IN'),(1,'val_che_dia','IN'),(1,'val_che_fec','IN'),(1,'val_che_pro','IN'),(1,'val_notacre','IN'),(1,'val_notadeb','IN'),(1,'estado','OUT'),(1,'lim_cre_act','OUT'),(1,'val_efectiv','IN'),(1,'val_che_dia','IN'),(1,'val_che_fec','IN'),(1,'val_che_pro','IN'),(1,'val_notacre','IN'),(1,'val_notadeb','IN'),(1,'estado','OUT'),(1,'lim_cre_act','OUT'),(1,'val_efectiv','IN'),(1,'val_che_dia','IN'),(1,'val_che_fec','IN'),(1,'val_che_pro','IN'),(1,'val_notacre','IN'),(1,'val_notadeb','IN'),(1,'estado','OUT'),(6,'X','IN'),(6,'Y','IN'),(6,'X and Y','OUT'),(6,'X','IN'),(6,'Y','IN'),(6,'X and Y','OUT'),(6,'X','IN'),(6,'Y','IN'),(6,'X and Y','OUT'),(6,'X','IN'),(6,'Y','IN'),(6,'X and Y','OUT'),(6,'X','IN'),(6,'Y','IN'),(6,'X and Y','OUT'),(6,'X','IN'),(6,'Y','IN'),(6,'X and Y','OUT'),(6,'X','IN'),(6,'Y','IN'),(6,'X and Y','OUT'),(6,'X','IN'),(6,'Y','IN'),(6,'X and Y','OUT'),(6,'X','IN'),(6,'Y','IN'),(6,'X and Y','OUT'),(6,'X','IN'),(6,'Y','IN'),(6,'X and Y','OUT'),(6,'X','IN'),(6,'Y','IN'),(6,'X and Y','OUT'),(6,'X','IN'),(6,'Y','IN'),(6,'X and Y','OUT'),(6,'X','IN'),(6,'Y','IN'),(6,'X and Y','OUT'),(6,'X','IN'),(6,'Y','IN'),(6,'X and Y','OUT'),(6,'X','IN'),(6,'Y','IN'),(6,'X and Y','OUT'),(6,'X','IN'),(6,'Y','IN'),(6,'X and Y','OUT'),(6,'X','IN'),(6,'Y','IN'),(6,'X and Y','OUT'),(6,'X','IN'),(6,'Y','IN'),(6,'X and Y','OUT'),(6,'X','IN'),(6,'Y','IN'),(6,'X and Y','OUT'),(6,'X','IN'),(6,'Y','IN'),(6,'X and Y','OUT'),(6,'X','IN'),(6,'Y','IN'),(6,'X and Y','OUT'),(6,'X','IN'),(6,'Y','IN'),(6,'X and Y','OUT'),(6,'X','IN'),(6,'Y','IN'),(6,'X and Y','OUT'),(6,'X','IN'),(6,'Y','IN'),(6,'X and Y','OUT'),(6,'X','IN'),(6,'Y','IN'),(6,'X and Y','OUT'),(6,'X','IN'),(6,'Y','IN'),(6,'X and Y','OUT'),(6,'X','IN'),(6,'Y','IN'),(6,'X and Y','OUT'),(3,'X','IN'),(3,'Y','IN'),(3,'X and Y','OUT'),(3,'X','IN'),(3,'Y','IN'),(3,'X and Y','OUT'),(3,'X','IN'),(3,'Y','IN'),(3,'X and Y','OUT'),(2,'lim_cre_act','OUT'),(2,'val_efectiv','IN'),(2,'val_che_dia','IN'),(2,'val_che_fec','IN'),(2,'val_che_pro','IN'),(2,'val_notacre','IN'),(2,'val_notadeb','IN'),(3,'X','IN'),(3,'Y','IN'),(3,'X and Y','OUT'),(3,'X','IN'),(3,'Y','IN'),(3,'X and Y','OUT'),(3,'X','IN'),(3,'Y','IN'),(3,'X and Y','OUT'),(3,'X','IN'),(3,'Y','IN'),(3,'X and Y','OUT'),(3,'X','IN'),(3,'Y','IN'),(3,'X and Y','OUT'),(3,'X','IN'),(3,'Y','IN'),(3,'X and Y','OUT'),(3,'X','IN'),(3,'Y','IN'),(3,'X and Y','OUT'),(3,'X','IN'),(3,'Y','IN'),(3,'X and Y','OUT'),(3,'X','IN'),(3,'Y','IN'),(3,'X and Y','OUT'),(3,'X','IN'),(3,'Y','IN'),(3,'X and Y','OUT'),(3,'X','IN'),(3,'Y','IN'),(3,'X and Y','OUT'),(3,'X','IN'),(3,'Y','IN'),(3,'X and Y','OUT'),(3,'X','IN'),(3,'Y','IN'),(3,'X and Y','OUT'),(3,'X','IN'),(3,'Y','IN'),(3,'X and Y','OUT'),(3,'X','IN'),(3,'Y','IN'),(3,'X and Y','OUT'),(3,'X','IN'),(3,'Y','IN'),(3,'X and Y','OUT'),(3,'X','IN'),(3,'Y','IN'),(3,'X and Y','OUT'),(3,'X','IN'),(3,'Y','IN'),(3,'X and Y','OUT'),(3,'X','IN'),(3,'Y','IN'),(3,'X and Y','OUT'),(3,'X','IN'),(3,'Y','IN'),(3,'X and Y','OUT'),(3,'X','IN'),(3,'Y','IN'),(3,'X and Y','OUT'),(3,'X','IN'),(3,'Y','IN'),(3,'X and Y','OUT'),(3,'X','IN'),(3,'Y','IN'),(3,'X and Y','OUT'),(3,'X','IN'),(3,'Y','IN'),(3,'X and Y','OUT'),(2,'lim_cre_act','OUT'),(2,'val_efectiv','IN'),(2,'val_che_dia','IN'),(2,'val_che_fec','IN'),(2,'val_che_pro','IN'),(2,'val_notacre','IN'),(2,'val_notadeb','IN'),(2,'lim_cre_act','OUT'),(2,'val_efectiv','IN'),(2,'val_che_dia','IN'),(2,'val_che_fec','IN'),(2,'val_che_pro','IN'),(2,'val_notacre','IN'),(2,'val_notadeb','IN'),(2,'lim_cre_act','OUT'),(2,'val_efectiv','IN'),(2,'val_che_dia','IN'),(2,'val_che_fec','IN'),(2,'val_che_pro','IN'),(2,'val_notacre','IN'),(2,'val_notadeb','IN'),(2,'lim_cre_act','OUT'),(2,'val_efectiv','IN'),(2,'val_che_dia','IN'),(2,'val_che_fec','IN'),(2,'val_che_pro','IN'),(2,'val_notacre','IN'),(2,'val_notadeb','IN'),(3,'X','IN'),(3,'Y','IN'),(3,'X and Y','OUT'),(3,'X','IN'),(3,'Y','IN'),(3,'X and Y','OUT'),(3,'X','IN'),(3,'Y','IN'),(3,'X and Y','OUT'),(3,'X','IN'),(3,'Y','IN'),(3,'X and Y','OUT'),(2,'lim_cre_act','OUT'),(2,'val_efectiv','IN'),(2,'val_che_dia','IN'),(2,'val_che_fec','IN'),(2,'val_che_pro','IN'),(2,'val_notacre','IN'),(2,'val_notadeb','IN'),(2,'lim_cre_act','OUT'),(2,'val_efectiv','IN'),(2,'val_che_dia','IN'),(2,'val_che_fec','IN'),(2,'val_che_pro','IN'),(2,'val_notacre','IN'),(2,'val_notadeb','IN'),(2,'lim_cre_act','OUT'),(2,'val_efectiv','IN'),(2,'val_che_dia','IN'),(2,'val_che_fec','IN'),(2,'val_che_pro','IN'),(2,'val_notacre','IN'),(2,'val_notadeb','IN'),(2,'lim_cre_act','OUT'),(2,'val_efectiv','IN'),(2,'val_che_dia','IN'),(2,'val_che_fec','IN'),(2,'val_che_pro','IN'),(2,'val_notacre','IN'),(2,'val_notadeb','IN'),(6,'X','IN'),(6,'Y','IN'),(6,'X and Y','OUT'),(6,'X','IN'),(6,'Y','IN'),(6,'X and Y','OUT'),(6,'X','IN'),(6,'Y','IN'),(6,'X and Y','OUT'),(2,'lim_cre_act','OUT'),(2,'val_efectiv','IN'),(2,'val_che_dia','IN'),(2,'val_che_fec','IN'),(2,'val_che_pro','IN'),(2,'val_notacre','IN'),(2,'val_notadeb','IN'),(2,'lim_cre_act','OUT'),(2,'val_efectiv','IN'),(2,'val_che_dia','IN'),(2,'val_che_fec','IN'),(2,'val_che_pro','IN'),(2,'val_notacre','IN'),(2,'val_notadeb','IN'),(1,'lim_cre_act','OUT'),(1,'val_efectiv','IN'),(1,'val_che_dia','IN'),(1,'val_che_fec','IN'),(1,'val_che_pro','IN'),(1,'val_notacre','IN'),(1,'val_notadeb','IN'),(1,'estado','OUT'),(4,'X','IN'),(4,'Y','IN'),(4,'X OR Y','OUT'),(3,'X','IN'),(3,'Y','IN'),(3,'X and Y','OUT'),(3,'X','IN'),(3,'Y','IN'),(3,'X and Y','OUT'),(0,'x','IN'),(0,'y','IN'),(0,'out','OUT'),(0,'x','IN'),(0,'y','IN'),(0,'out','OUT'),(0,'x','IN'),(0,'y','IN'),(0,'out','OUT'),(0,'x','IN'),(0,'y','IN'),(0,'out','OUT'),(0,'x','IN'),(0,'y','IN'),(0,'out','OUT'),(2,'lim_cre_act','OUT'),(2,'val_efectiv','IN'),(2,'val_che_dia','IN'),(2,'val_che_fec','IN'),(2,'val_che_pro','IN'),(2,'val_notacre','IN'),(2,'val_notadeb','IN'),(2,'lim_cre_act','OUT'),(2,'val_efectiv','IN'),(2,'val_che_dia','IN'),(2,'val_che_fec','IN'),(2,'val_che_pro','IN'),(2,'val_notacre','IN'),(2,'val_notadeb','IN'),(8,'lim_cre_act','OUT'),(8,'val_efectiv','IN'),(8,'val_che_dia','IN'),(8,'val_deposit','IN'),(8,'val_che_fec','IN'),(8,'val_che_pro','IN'),(8,'val_factura','IN'),(8,'val_notaven','IN'),(0,'x','IN'),(0,'y','IN'),(0,'out','OUT'),(0,'x','IN'),(0,'y','IN'),(0,'out','OUT'),(0,'x','IN'),(0,'y','IN'),(0,'out','OUT'),(0,'x','IN'),(0,'y','IN'),(0,'out','OUT'),(0,'x','IN'),(0,'y','IN'),(0,'out','OUT'),(0,'x','IN'),(0,'y','IN'),(0,'out','OUT'),(0,'x','IN'),(0,'y','IN'),(0,'out','OUT'),(8,'lim_cre_act','OUT'),(8,'val_efectiv','IN'),(8,'val_che_dia','IN'),(8,'val_deposit','IN'),(8,'val_che_fec','IN'),(8,'val_che_pro','IN'),(8,'val_factura','IN'),(8,'val_notaven','IN'),(8,'lim_cre_act','OUT'),(8,'val_efectiv','IN'),(8,'val_che_dia','IN'),(8,'val_deposit','IN'),(8,'val_che_fec','IN'),(8,'val_che_pro','IN'),(8,'val_factura','IN'),(8,'val_notaven','IN'),(8,'lim_cre_act','OUT'),(8,'val_efectiv','IN'),(8,'val_che_dia','IN'),(8,'val_deposit','IN'),(8,'val_che_fec','IN'),(8,'val_che_pro','IN'),(8,'val_factura','IN'),(8,'val_notaven','IN'),(8,'lim_cre_act','OUT'),(8,'val_efectiv','IN'),(8,'val_che_dia','IN'),(8,'val_deposit','IN'),(8,'val_che_fec','IN'),(8,'val_che_pro','IN'),(8,'val_factura','IN'),(8,'val_notaven','IN'),(8,'lim_cre_act','OUT'),(8,'val_efectiv','IN'),(8,'val_che_dia','IN'),(8,'val_deposit','IN'),(8,'val_che_fec','IN'),(8,'val_che_pro','IN'),(8,'val_factura','IN'),(8,'val_notaven','IN'),(0,'x','IN'),(0,'y','IN'),(0,'out','OUT'),(0,'x','IN'),(0,'y','IN'),(0,'out','OUT'),(0,'x','IN'),(0,'y','IN'),(0,'out','OUT'),(0,'x','IN'),(0,'y','IN'),(0,'out','OUT'),(0,'x','IN'),(0,'y','IN'),(0,'out','OUT'),(8,'lim_cre_act','OUT'),(8,'val_efectiv','IN'),(8,'val_che_dia','IN'),(8,'val_deposit','IN'),(8,'val_che_fec','IN'),(8,'val_che_pro','IN'),(8,'val_factura','IN'),(8,'val_notaven','IN'),(8,'lim_cre_act','OUT'),(8,'val_efectiv','IN'),(8,'val_che_dia','IN'),(8,'val_deposit','IN'),(8,'val_che_fec','IN'),(8,'val_che_pro','IN'),(8,'val_factura','IN'),(8,'val_notaven','IN'),(8,'lim_cre_act','OUT'),(8,'val_efectiv','IN'),(8,'val_che_dia','IN'),(8,'val_deposit','IN'),(8,'val_che_fec','IN'),(8,'val_che_pro','IN'),(8,'val_factura','IN'),(8,'val_notaven','IN'),(8,'lim_cre_act','OUT'),(8,'val_efectiv','IN'),(8,'val_che_dia','IN'),(8,'val_deposit','IN'),(8,'val_che_fec','IN'),(8,'val_che_pro','IN'),(8,'val_factura','IN'),(8,'val_notaven','IN'),(8,'lim_cre_act','OUT'),(8,'val_efectiv','IN'),(8,'val_che_dia','IN'),(8,'val_deposit','IN'),(8,'val_che_fec','IN'),(8,'val_che_pro','IN'),(8,'val_factura','IN'),(8,'val_notaven','IN'),(8,'lim_cre_act','OUT'),(8,'val_efectiv','IN'),(8,'val_che_dia','IN'),(8,'val_deposit','IN'),(8,'val_che_fec','IN'),(8,'val_che_pro','IN'),(8,'val_factura','IN'),(8,'val_notaven','IN'),(9,'lim_cre_act','OUT'),(9,'val_efectiv','IN'),(9,'val_che_dia','IN'),(9,'val_deposit','IN'),(9,'val_che_fec','IN'),(9,'val_che_pro','IN'),(9,'val_factura','IN'),(9,'val_notaven','IN'),(9,'lim_cre_act','OUT'),(9,'val_efectiv','IN'),(9,'val_che_dia','IN'),(9,'val_deposit','IN'),(9,'val_che_fec','IN'),(9,'val_che_pro','IN'),(9,'val_factura','IN'),(9,'val_notaven','IN'),(9,'lim_cre_act','OUT'),(9,'val_efectiv','IN'),(9,'val_che_dia','IN'),(9,'val_deposit','IN'),(9,'val_che_fec','IN'),(9,'val_che_pro','IN'),(9,'val_factura','IN'),(9,'val_notaven','IN'),(0,'x','IN'),(0,'y','IN'),(0,'out','OUT'),(0,'x','IN'),(0,'y','IN'),(0,'out','OUT'),(0,'x','IN'),(0,'y','IN'),(0,'out','OUT'),(8,'lim_cre_act','OUT'),(8,'val_efectiv','IN'),(8,'val_che_dia','IN'),(8,'val_deposit','IN'),(8,'val_che_fec','IN'),(8,'val_che_pro','IN'),(8,'val_factura','IN'),(8,'val_notaven','IN'),(0,'x','IN'),(0,'y','IN'),(0,'out','OUT'),(0,'x','IN'),(0,'y','IN'),(0,'out','OUT'),(0,'x','IN'),(0,'y','IN'),(0,'out','OUT'),(0,'x','IN'),(0,'y','IN'),(0,'out','OUT'),(0,'x','IN'),(0,'y','IN'),(0,'out','OUT'),(0,'x','IN'),(0,'y','IN'),(0,'out','OUT'),(0,'x','IN'),(0,'y','IN'),(0,'out','OUT'),(0,'x','IN'),(0,'y','IN'),(0,'out','OUT'),(0,'x','IN'),(0,'y','IN'),(0,'out','OUT'),(0,'x','IN'),(0,'y','IN'),(0,'out','OUT'),(0,'x','IN'),(0,'y','IN'),(0,'out','OUT'),(0,'x','IN'),(0,'y','IN'),(0,'out','OUT'),(8,'lim_cre_act','OUT'),(8,'val_efectiv','IN'),(8,'val_che_dia','IN'),(8,'val_deposit','IN'),(8,'val_che_fec','IN'),(8,'val_che_pro','IN'),(8,'val_factura','IN'),(8,'val_notaven','IN'),(8,'lim_cre_act','OUT'),(8,'val_efectiv','IN'),(8,'val_che_dia','IN'),(8,'val_deposit','IN'),(8,'val_che_fec','IN'),(8,'val_che_pro','IN'),(8,'val_factura','IN'),(8,'val_notaven','IN'),(8,'lim_cre_act','OUT'),(8,'val_efectiv','IN'),(8,'val_che_dia','IN'),(8,'val_deposit','IN'),(8,'val_che_fec','IN'),(8,'val_che_pro','IN'),(8,'val_factura','IN'),(8,'val_notaven','IN'),(8,'lim_cre_act','OUT'),(8,'val_efectiv','IN'),(8,'val_che_dia','IN'),(8,'val_deposit','IN'),(8,'val_che_fec','IN'),(8,'val_che_pro','IN'),(8,'val_factura','IN'),(8,'val_notaven','IN'),(10,'lim_cre_act','OUT'),(10,'val_efectiv','IN'),(10,'val_che_dia','IN'),(10,'val_deposit','IN'),(10,'val_che_fec','IN'),(10,'val_che_pro','IN'),(10,'val_factura','IN'),(10,'val_notaven','IN'),(10,'lim_cre_act','OUT'),(10,'val_efectiv','IN'),(10,'val_che_dia','IN'),(10,'val_deposit','IN'),(10,'val_che_fec','IN'),(10,'val_che_pro','IN'),(10,'val_factura','IN'),(10,'val_notaven','IN'),(10,'lim_cre_act','OUT'),(10,'val_efectiv','IN'),(10,'val_che_dia','IN'),(10,'val_deposit','IN'),(10,'val_che_fec','IN'),(10,'val_che_pro','IN'),(10,'val_factura','IN'),(10,'val_notaven','IN'),(11,'lim_cre_act','OUT'),(11,'val_efectiv','IN'),(11,'val_che_dia','IN'),(11,'val_deposit','IN'),(11,'val_che_fec','IN'),(11,'val_che_pro','IN'),(11,'val_factura','IN'),(11,'val_notaven','IN'),(11,'lim_cre_act','OUT'),(11,'val_efectiv','IN'),(11,'val_che_dia','IN'),(11,'val_deposit','IN'),(11,'val_che_fec','IN'),(11,'val_che_pro','IN'),(11,'val_factura','IN'),(11,'val_notaven','IN'),(11,'lim_cre_act','OUT'),(11,'val_efectiv','IN'),(11,'val_che_dia','IN'),(11,'val_deposit','IN'),(11,'val_che_fec','IN'),(11,'val_che_pro','IN'),(11,'val_factura','IN'),(11,'val_notaven','IN'),(11,'lim_cre_act','OUT'),(11,'val_efectiv','IN'),(11,'val_che_dia','IN'),(11,'val_deposit','IN'),(11,'val_che_fec','IN'),(11,'val_che_pro','IN'),(11,'val_factura','IN'),(11,'val_notaven','IN'),(12,'lim_cre_act','OUT'),(12,'val_efectiv','IN'),(12,'val_che_dia','IN'),(12,'val_deposit','IN'),(12,'val_che_fec','IN'),(12,'val_che_pro','IN'),(12,'val_factura','IN'),(12,'val_notaven','IN'),(12,'lim_cre_act','OUT'),(12,'val_efectiv','IN'),(12,'val_che_dia','IN'),(12,'val_deposit','IN'),(12,'val_che_fec','IN'),(12,'val_che_pro','IN'),(12,'val_factura','IN'),(12,'val_notaven','IN'),(12,'lim_cre_act','OUT'),(12,'val_efectiv','IN'),(12,'val_che_dia','IN'),(12,'val_deposit','IN'),(12,'val_che_fec','IN'),(12,'val_che_pro','IN'),(12,'val_factura','IN'),(12,'val_notaven','IN'),(12,'lim_cre_act','OUT'),(12,'val_efectiv','IN'),(12,'val_che_dia','IN'),(12,'val_deposit','IN'),(12,'val_che_fec','IN'),(12,'val_che_pro','IN'),(12,'val_factura','IN'),(12,'val_notaven','IN'),(12,'lim_cre_act','OUT'),(12,'val_efectiv','IN'),(12,'val_che_dia','IN'),(12,'val_deposit','IN'),(12,'val_che_fec','IN'),(12,'val_che_pro','IN'),(12,'val_factura','IN'),(12,'val_notaven','IN'),(12,'lim_cre_act','OUT'),(12,'val_efectiv','IN'),(12,'val_che_dia','IN'),(12,'val_deposit','IN'),(12,'val_che_fec','IN'),(12,'val_che_pro','IN'),(12,'val_factura','IN'),(12,'val_notaven','IN'),(12,'lim_cre_act','OUT'),(12,'val_efectiv','IN'),(12,'val_che_dia','IN'),(12,'val_deposit','IN'),(12,'val_che_fec','IN'),(12,'val_che_pro','IN'),(12,'val_factura','IN'),(12,'val_notaven','IN'),(12,'lim_cre_act','OUT'),(12,'val_efectiv','IN'),(12,'val_che_dia','IN'),(12,'val_deposit','IN'),(12,'val_che_fec','IN'),(12,'val_che_pro','IN'),(12,'val_factura','IN'),(12,'val_notaven','IN'),(12,'lim_cre_act','OUT'),(12,'val_efectiv','IN'),(12,'val_che_dia','IN'),(12,'val_deposit','IN'),(12,'val_che_fec','IN'),(12,'val_che_pro','IN'),(12,'val_factura','IN'),(12,'val_notaven','IN'),(12,'lim_cre_act','OUT'),(12,'val_efectiv','IN'),(12,'val_che_dia','IN'),(12,'val_deposit','IN'),(12,'val_che_fec','IN'),(12,'val_che_pro','IN'),(12,'val_factura','IN'),(12,'val_notaven','IN'),(12,'lim_cre_act','OUT'),(12,'val_efectiv','IN'),(12,'val_che_dia','IN'),(12,'val_deposit','IN'),(12,'val_che_fec','IN'),(12,'val_che_pro','IN'),(12,'val_factura','IN'),(12,'val_notaven','IN'),(12,'lim_cre_act','OUT'),(12,'val_efectiv','IN'),(12,'val_che_dia','IN'),(12,'val_deposit','IN'),(12,'val_che_fec','IN'),(12,'val_che_pro','IN'),(12,'val_factura','IN'),(12,'val_notaven','IN'),(12,'lim_cre_act','OUT'),(12,'val_efectiv','IN'),(12,'val_che_dia','IN'),(12,'val_deposit','IN'),(12,'val_che_fec','IN'),(12,'val_che_pro','IN'),(12,'val_factura','IN'),(12,'val_notaven','IN'),(12,'lim_cre_act','OUT'),(12,'val_efectiv','IN'),(12,'val_che_dia','IN'),(12,'val_deposit','IN'),(12,'val_che_fec','IN'),(12,'val_che_pro','IN'),(12,'val_factura','IN'),(12,'val_notaven','IN'),(12,'lim_cre_act','OUT'),(12,'val_efectiv','IN'),(12,'val_che_dia','IN'),(12,'val_deposit','IN'),(12,'val_che_fec','IN'),(12,'val_che_pro','IN'),(12,'val_factura','IN'),(12,'val_notaven','IN'),(12,'lim_cre_act','OUT'),(12,'val_efectiv','IN'),(12,'val_che_dia','IN'),(12,'val_deposit','IN'),(12,'val_che_fec','IN'),(12,'val_che_pro','IN'),(12,'val_factura','IN'),(12,'val_notaven','IN'),(12,'lim_cre_act','OUT'),(12,'val_efectiv','IN'),(12,'val_che_dia','IN'),(12,'val_deposit','IN'),(12,'val_che_fec','IN'),(12,'val_che_pro','IN'),(12,'val_factura','IN'),(12,'val_notaven','IN'),(12,'lim_cre_act','OUT'),(12,'val_efectiv','IN'),(12,'val_che_dia','IN'),(12,'val_deposit','IN'),(12,'val_che_fec','IN'),(12,'val_che_pro','IN'),(12,'val_factura','IN'),(12,'val_notaven','IN'),(12,'lim_cre_act','OUT'),(12,'val_efectiv','IN'),(12,'val_che_dia','IN'),(12,'val_deposit','IN'),(12,'val_che_fec','IN'),(12,'val_che_pro','IN'),(12,'val_factura','IN'),(12,'val_notaven','IN'),(0,'x','IN'),(0,'y','IN'),(0,'out','OUT'),(3,'X','IN'),(3,'Y','IN'),(3,'X and Y','OUT'),(4,'X','IN'),(4,'Y','IN'),(4,'X OR Y','OUT'),(14,'lim_cre_act','OUT'),(14,'val_efectiv','IN'),(14,'val_che_dia','IN'),(14,'val_deposit','IN'),(14,'val_che_fec','IN'),(14,'val_che_pro','IN'),(14,'val_factura','IN'),(14,'val_notaven','IN'),(14,'lim_cre_act','OUT'),(14,'val_efectiv','IN'),(14,'val_che_dia','IN'),(14,'val_deposit','IN'),(14,'val_che_fec','IN'),(14,'val_che_pro','IN'),(14,'val_factura','IN'),(14,'val_notaven','IN'),(14,'lim_cre_act','OUT'),(14,'val_efectiv','IN'),(14,'val_che_dia','IN'),(14,'val_deposit','IN'),(14,'val_che_fec','IN'),(14,'val_che_pro','IN'),(14,'val_factura','IN'),(14,'val_notaven','IN'),(14,'lim_cre_act','OUT'),(14,'val_efectiv','IN'),(14,'val_che_dia','IN'),(14,'val_deposit','IN'),(14,'val_che_fec','IN'),(14,'val_che_pro','IN'),(14,'val_factura','IN'),(14,'val_notaven','IN'),(14,'lim_cre_act','OUT'),(14,'val_efectiv','IN'),(14,'val_che_dia','IN'),(14,'val_deposit','IN'),(14,'val_che_fec','IN'),(14,'val_che_pro','IN'),(14,'val_factura','IN'),(14,'val_notaven','IN'),(14,'lim_cre_act','OUT'),(14,'val_efectiv','IN'),(14,'val_che_dia','IN'),(14,'val_deposit','IN'),(14,'val_che_fec','IN'),(14,'val_che_pro','IN'),(14,'val_factura','IN'),(14,'val_notaven','IN'),(14,'lim_cre_act','OUT'),(14,'val_efectiv','IN'),(14,'val_che_dia','IN'),(14,'val_deposit','IN'),(14,'val_che_fec','IN'),(14,'val_che_pro','IN'),(14,'val_factura','IN'),(14,'val_notaven','IN'),(0,'x','IN'),(0,'y','IN'),(0,'out','OUT'),(14,'lim_cre_act','OUT'),(14,'val_efectiv','IN'),(14,'val_che_dia','IN'),(14,'val_deposit','IN'),(14,'val_che_fec','IN'),(14,'val_che_pro','IN'),(14,'val_factura','IN'),(14,'val_notaven','IN'),(0,'x','IN'),(0,'y','IN'),(0,'out','OUT'),(0,'x','IN'),(0,'y','IN'),(0,'out','OUT'),(0,'x','IN'),(0,'y','IN'),(0,'out','OUT'),(0,'x','IN'),(0,'y','IN'),(0,'out','OUT'),(0,'x','IN'),(0,'y','IN'),(0,'out','OUT'),(0,'x','IN'),(0,'y','IN'),(0,'out','OUT'),(0,'x','IN'),(0,'y','IN'),(0,'out','OUT'),(0,'x','IN'),(0,'y','IN'),(0,'out','OUT'),(0,'x','IN'),(0,'y','IN'),(0,'out','OUT'),(0,'x','IN'),(0,'y','IN'),(0,'out','OUT'),(12,'lim_cre_act','OUT'),(12,'val_efectiv','IN'),(12,'val_che_dia','IN'),(12,'val_deposit','IN'),(12,'val_che_fec','IN'),(12,'val_che_pro','IN'),(12,'val_factura','IN'),(12,'val_notaven','IN'),(0,'x','IN'),(0,'y','IN'),(0,'out','OUT'),(12,'lim_cre_act','OUT'),(12,'val_efectiv','IN'),(12,'val_che_dia','IN'),(12,'val_deposit','IN'),(12,'val_che_fec','IN'),(12,'val_che_pro','IN'),(12,'val_factura','IN'),(12,'val_notaven','IN'),(12,'lim_cre_act','OUT'),(12,'val_efectiv','IN'),(12,'val_che_dia','IN'),(12,'val_deposit','IN'),(12,'val_che_fec','IN'),(12,'val_che_pro','IN'),(12,'val_factura','IN'),(12,'val_notaven','IN'),(0,'x','IN'),(0,'y','IN'),(0,'out','OUT'),(0,'x','IN'),(0,'y','IN'),(0,'out','OUT'),(0,'x','IN'),(0,'y','IN'),(0,'out','OUT'),(0,'x','IN'),(0,'y','IN'),(0,'out','OUT'),(0,'x','IN'),(0,'y','IN'),(0,'out','OUT'),(0,'x','IN'),(0,'y','IN'),(0,'out','OUT'),(0,'x','IN'),(0,'y','IN'),(0,'out','OUT'),(0,'x','IN'),(0,'y','IN'),(0,'out','OUT'),(0,'x','IN'),(0,'y','IN'),(0,'out','OUT'),(0,'x','IN'),(0,'y','IN'),(0,'out','OUT'),(0,'x','IN'),(0,'y','IN'),(0,'out','OUT'),(0,'x','IN'),(0,'y','IN'),(0,'out','OUT'),(0,'x','IN'),(0,'y','IN'),(0,'out','OUT'),(0,'x','IN'),(0,'y','IN'),(0,'out','OUT'),(0,'x','IN'),(0,'y','IN'),(0,'out','OUT'),(0,'x','IN'),(0,'y','IN'),(0,'out','OUT'),(0,'x','IN'),(0,'y','IN'),(0,'out','OUT'),(0,'x','IN'),(0,'y','IN'),(0,'out','OUT'),(0,'x','IN'),(0,'y','IN'),(0,'out','OUT'),(0,'x','IN'),(0,'y','IN'),(0,'out','OUT'),(0,'x','IN'),(0,'y','IN'),(0,'out','OUT'),(0,'x','IN'),(0,'y','IN'),(0,'out','OUT'),(0,'x','IN'),(0,'y','IN'),(0,'out','OUT'),(0,'x','IN'),(0,'y','IN'),(0,'out','OUT'),(0,'x','IN'),(0,'y','IN'),(0,'out','OUT'),(12,'lim_cre_act','OUT'),(12,'val_efectiv','IN'),(12,'val_che_dia','IN'),(12,'val_deposit','IN'),(12,'val_che_fec','IN'),(12,'val_che_pro','IN'),(12,'val_factura','IN'),(12,'val_notaven','IN'),(0,'x','IN'),(0,'y','IN'),(0,'out','OUT'),(12,'lim_cre_act','OUT'),(12,'val_efectiv','IN'),(12,'val_che_dia','IN'),(12,'val_deposit','IN'),(12,'val_che_fec','IN'),(12,'val_che_pro','IN'),(12,'val_factura','IN'),(12,'val_notaven','IN'),(0,'x','IN'),(0,'y','IN'),(0,'out','OUT'),(0,'x','IN'),(0,'y','IN'),(0,'out','OUT'),(0,'x','IN'),(0,'y','IN'),(0,'out','OUT'),(0,'x','IN'),(0,'y','IN'),(0,'out','OUT'),(0,'x','IN'),(0,'y','IN'),(0,'out','OUT'),(0,'x','IN'),(0,'y','IN'),(0,'out','OUT'),(0,'x','IN'),(0,'y','IN'),(0,'out','OUT'),(0,'x','IN'),(0,'y','IN'),(0,'out','OUT'),(14,'lim_cre_act','OUT'),(14,'val_efectiv','IN'),(14,'val_che_dia','IN'),(14,'val_deposit','IN'),(14,'val_che_fec','IN'),(14,'val_che_pro','IN'),(14,'val_factura','IN'),(14,'val_notaven','IN'),(0,'x','IN'),(0,'y','IN'),(0,'out','OUT'),(0,'x','IN'),(0,'y','IN'),(0,'out','OUT'),(0,'x','IN'),(0,'y','IN'),(0,'out','OUT'),(0,'x','IN'),(0,'y','IN'),(0,'out','OUT'),(0,'x','IN'),(0,'y','IN'),(0,'out','OUT'),(12,'lim_cre_act','OUT'),(12,'val_efectiv','IN'),(12,'val_che_dia','IN'),(12,'val_deposit','IN'),(12,'val_che_fec','IN'),(12,'val_che_pro','IN'),(12,'val_factura','IN'),(12,'val_notaven','IN'),(15,'lim_cre_act','OUT'),(15,'val_efectiv','IN'),(15,'val_che_dia','IN'),(15,'val_deposit','IN'),(15,'val_che_fec','IN'),(15,'val_che_pro','IN'),(15,'val_factura','IN'),(15,'val_notaven','IN'),(15,'lim_cre_act','OUT'),(15,'val_efectiv','IN'),(15,'val_che_dia','IN'),(15,'val_deposit','IN'),(15,'val_che_fec','IN'),(15,'val_che_pro','IN'),(15,'val_factura','IN'),(15,'val_notaven','IN'),(0,'x','IN'),(0,'y','IN'),(0,'out','OUT'),(12,'lim_cre_act','OUT'),(12,'val_efectiv','IN'),(12,'val_che_dia','IN'),(12,'val_deposit','IN'),(12,'val_che_fec','IN'),(12,'val_che_pro','IN'),(12,'val_factura','IN'),(12,'val_notaven','IN'),(0,'x','IN'),(0,'y','IN'),(0,'out','OUT'),(0,'x','IN'),(0,'y','IN'),(0,'out','OUT'),(12,'lim_cre_act','OUT'),(12,'val_efectiv','IN'),(12,'val_che_dia','IN'),(12,'val_deposit','IN'),(12,'val_che_fec','IN'),(12,'val_che_pro','IN'),(12,'val_factura','IN'),(12,'val_notaven','IN'),(0,'x','IN'),(0,'y','IN'),(0,'out','OUT'),(0,'x','IN'),(0,'y','IN'),(0,'out','OUT'),(0,'x','IN'),(0,'y','IN'),(0,'out','OUT'),(0,'x','IN'),(0,'y','IN'),(0,'out','OUT'),(0,'x','IN'),(0,'y','IN'),(0,'out','OUT'),(0,'x','IN'),(0,'y','IN'),(0,'out','OUT'),(0,'x','IN'),(0,'y','IN'),(0,'out','OUT'),(0,'x','IN'),(0,'y','IN'),(0,'out','OUT'),(0,'x','IN'),(0,'y','IN'),(0,'out','OUT'),(0,'x','IN'),(0,'y','IN'),(0,'out','OUT'),(0,'x','IN'),(0,'y','IN'),(0,'out','OUT'),(0,'x','IN'),(0,'y','IN'),(0,'out','OUT'),(2,'lim_cre_act','OUT'),(2,'val_efectiv','IN'),(2,'val_che_dia','IN'),(2,'val_che_fec','IN'),(2,'val_che_pro','IN'),(2,'val_notacre','IN'),(2,'val_notadeb','IN'),(2,'lim_cre_act','OUT'),(2,'val_efectiv','IN'),(2,'val_che_dia','IN'),(2,'val_che_fec','IN'),(2,'val_che_pro','IN'),(2,'val_notacre','IN'),(2,'val_notadeb','IN'),(12,'lim_cre_act','OUT'),(12,'val_efectiv','IN'),(12,'val_che_dia','IN'),(12,'val_deposit','IN'),(12,'val_che_fec','IN'),(12,'val_che_pro','IN'),(12,'val_factura','IN'),(12,'val_notaven','IN'),(0,'x','IN'),(0,'y','IN'),(0,'out','OUT'),(0,'x','IN'),(0,'y','IN'),(0,'out','OUT'),(0,'x','IN'),(0,'y','IN'),(0,'out','OUT'),(2,'lim_cre_act','OUT'),(2,'val_efectiv','IN'),(2,'val_che_dia','IN'),(2,'val_che_fec','IN'),(2,'val_che_pro','IN'),(2,'val_notacre','IN'),(2,'val_notadeb','IN'),(12,'lim_cre_act','OUT'),(12,'val_efectiv','IN'),(12,'val_che_dia','IN'),(12,'val_deposit','IN'),(12,'val_che_fec','IN'),(12,'val_che_pro','IN'),(12,'val_factura','IN'),(12,'val_notaven','IN'),(12,'lim_cre_act','OUT'),(12,'val_efectiv','IN'),(12,'val_che_dia','IN'),(12,'val_deposit','IN'),(12,'val_che_fec','IN'),(12,'val_che_pro','IN'),(12,'val_factura','IN'),(12,'val_notaven','IN'),(12,'lim_cre_act','OUT'),(12,'val_efectiv','IN'),(12,'val_che_dia','IN'),(12,'val_deposit','IN'),(12,'val_che_fec','IN'),(12,'val_che_pro','IN'),(12,'val_factura','IN'),(12,'val_notaven','IN'),(16,'lim_cre_act','OUT'),(16,'val_efectiv','IN'),(16,'val_che_dia','IN'),(16,'val_deposit','IN'),(16,'val_che_fec','IN'),(16,'val_che_pro','IN'),(16,'val_factura','IN'),(16,'val_notaven','IN'),(12,'lim_cre_act','OUT'),(12,'val_efectiv','IN'),(12,'val_che_dia','IN'),(12,'val_deposit','IN'),(12,'val_che_fec','IN'),(12,'val_che_pro','IN'),(12,'val_factura','IN'),(12,'val_notaven','IN'),(12,'lim_cre_act','OUT'),(12,'val_efectiv','IN'),(12,'val_che_dia','IN'),(12,'val_deposit','IN'),(12,'val_che_fec','IN'),(12,'val_che_pro','IN'),(12,'val_factura','IN'),(12,'val_notaven','IN'),(12,'lim_cre_act','OUT'),(12,'val_efectiv','IN'),(12,'val_che_dia','IN'),(12,'val_deposit','IN'),(12,'val_che_fec','IN'),(12,'val_che_pro','IN'),(12,'val_factura','IN'),(12,'val_notaven','IN'),(0,'x','IN'),(0,'y','IN'),(0,'out','OUT'),(17,'sal_actual','OUT'),(17,'val_efectiv','IN'),(17,'val_che_dia','IN'),(17,'val_deposit','IN'),(17,'val_che_fec','IN'),(17,'val_che_pro','IN'),(17,'val_factura','IN'),(17,'val_notaven','IN'),(17,'sal_actual','OUT'),(17,'val_efectiv','IN'),(17,'val_che_dia','IN'),(17,'val_deposit','IN'),(17,'val_che_fec','IN'),(17,'val_che_pro','IN'),(17,'val_factura','IN'),(17,'val_notaven','IN'),(17,'sal_actual','OUT'),(17,'val_efectiv','IN'),(17,'val_che_dia','IN'),(17,'val_deposit','IN'),(17,'val_che_fec','IN'),(17,'val_che_pro','IN'),(17,'val_factura','IN'),(17,'val_notaven','IN'),(12,'lim_cre_act','OUT'),(12,'val_efectiv','IN'),(12,'val_che_dia','IN'),(12,'val_deposit','IN'),(12,'val_che_fec','IN'),(12,'val_che_pro','IN'),(12,'val_factura','IN'),(12,'val_notaven','IN'),(12,'lim_cre_act','OUT'),(12,'val_efectiv','IN'),(12,'val_che_dia','IN'),(12,'val_deposit','IN'),(12,'val_che_fec','IN'),(12,'val_che_pro','IN'),(12,'val_factura','IN'),(12,'val_notaven','IN'),(18,'lim_cre_act','OUT'),(18,'val_efectiv','IN'),(18,'val_che_dia','IN'),(18,'val_deposit','IN'),(18,'val_che_fec','IN'),(18,'val_che_pro','IN'),(18,'val_factura','IN'),(18,'val_notaven','IN'),(18,'lim_cre_act','OUT'),(18,'val_efectiv','IN'),(18,'val_che_dia','IN'),(18,'val_deposit','IN'),(18,'val_che_fec','IN'),(18,'val_che_pro','IN'),(18,'val_factura','IN'),(18,'val_notaven','IN'),(12,'lim_cre_act','OUT'),(12,'val_efectiv','IN'),(12,'val_che_dia','IN'),(12,'val_deposit','IN'),(12,'val_che_fec','IN'),(12,'val_che_pro','IN'),(12,'val_factura','IN'),(12,'val_notaven','IN'),(12,'lim_cre_act','OUT'),(12,'val_efectiv','IN'),(12,'val_che_dia','IN'),(12,'val_deposit','IN'),(12,'val_che_fec','IN'),(12,'val_che_pro','IN'),(12,'val_factura','IN'),(12,'val_notaven','IN'),(19,'lim_cre_act','OUT'),(19,'val_efectiv','IN'),(19,'val_che_dia','IN'),(19,'val_deposit','IN'),(19,'val_che_fec','IN'),(19,'val_che_pro','IN'),(19,'val_factura','IN'),(19,'val_notaven','IN'),(19,'lim_cre_act','OUT'),(19,'val_efectiv','IN'),(19,'val_che_dia','IN'),(19,'val_deposit','IN'),(19,'val_che_fec','IN'),(19,'val_che_pro','IN'),(19,'val_factura','IN'),(19,'val_notaven','IN'),(21,'lim_cre_act','OUT'),(21,'val_efectiv','IN'),(21,'val_che_dia','IN'),(21,'val_deposit','IN'),(21,'val_che_fec','IN'),(21,'val_che_pro','IN'),(21,'val_factura','IN'),(21,'val_notaven','IN'),(21,'lim_cre_act','OUT'),(21,'val_efectiv','IN'),(21,'val_che_dia','IN'),(21,'val_deposit','IN'),(21,'val_che_fec','IN'),(21,'val_che_pro','IN'),(21,'val_factura','IN'),(21,'val_notaven','IN'),(12,'lim_cre_act','OUT'),(12,'val_efectiv','IN'),(12,'val_che_dia','IN'),(12,'val_deposit','IN'),(12,'val_che_fec','IN'),(12,'val_che_pro','IN'),(12,'val_factura','IN'),(12,'val_notaven','IN'),(12,'lim_cre_act','OUT'),(12,'val_efectiv','IN'),(12,'val_che_dia','IN'),(12,'val_deposit','IN'),(12,'val_che_fec','IN'),(12,'val_che_pro','IN'),(12,'val_factura','IN'),(12,'val_notaven','IN'),(12,'lim_cre_act','OUT'),(12,'val_efectiv','IN'),(12,'val_che_dia','IN'),(12,'val_deposit','IN'),(12,'val_che_fec','IN'),(12,'val_che_pro','IN'),(12,'val_factura','IN'),(12,'val_notaven','IN'),(18,'lim_cre_act','OUT'),(18,'val_efectiv','IN'),(18,'val_che_dia','IN'),(18,'val_deposit','IN'),(18,'val_che_fec','IN'),(18,'val_che_pro','IN'),(18,'val_factura','IN'),(18,'val_notaven','IN'),(19,'lim_cre_act','OUT'),(19,'val_efectiv','IN'),(19,'val_che_dia','IN'),(19,'val_deposit','IN'),(19,'val_che_fec','IN'),(19,'val_che_pro','IN'),(19,'val_factura','IN'),(19,'val_notaven','IN'),(19,'lim_cre_act','OUT'),(19,'val_efectiv','IN'),(19,'val_che_dia','IN'),(19,'val_deposit','IN'),(19,'val_che_fec','IN'),(19,'val_che_pro','IN'),(19,'val_factura','IN'),(19,'val_notaven','IN'),(21,'lim_cre_act','OUT'),(21,'val_efectiv','IN'),(21,'val_che_dia','IN'),(21,'val_deposit','IN'),(21,'val_che_fec','IN'),(21,'val_che_pro','IN'),(21,'val_factura','IN'),(21,'val_notaven','IN'),(21,'lim_cre_act','OUT'),(21,'val_efectiv','IN'),(21,'val_che_dia','IN'),(21,'val_deposit','IN'),(21,'val_che_fec','IN'),(21,'val_che_pro','IN'),(21,'val_factura','IN'),(21,'val_notaven','IN'),(22,'lim_cre_act','OUT'),(22,'val_efectiv','IN'),(22,'val_che_dia','IN'),(22,'val_deposit','IN'),(22,'val_che_fec','IN'),(22,'val_che_pro','IN'),(22,'val_factura','IN'),(22,'val_notaven','IN'),(22,'lim_cre_act','OUT'),(22,'val_efectiv','IN'),(22,'val_che_dia','IN'),(22,'val_deposit','IN'),(22,'val_che_fec','IN'),(22,'val_che_pro','IN'),(22,'val_factura','IN'),(22,'val_notaven','IN'),(23,'lim_cre_act','OUT'),(23,'val_efectiv','IN'),(23,'val_che_dia','IN'),(23,'val_deposit','IN'),(23,'val_che_fec','IN'),(23,'val_che_pro','IN'),(23,'val_factura','IN'),(23,'val_notaven','IN'),(23,'lim_cre_act','OUT'),(23,'val_efectiv','IN'),(23,'val_che_dia','IN'),(23,'val_deposit','IN'),(23,'val_che_fec','IN'),(23,'val_che_pro','IN'),(23,'val_factura','IN'),(23,'val_notaven','IN'),(24,'lim_cre_act','OUT'),(24,'val_efectiv','IN'),(24,'val_che_dia','IN'),(24,'val_deposit','IN'),(24,'val_che_fec','IN'),(24,'val_che_pro','IN'),(24,'val_factura','IN'),(24,'val_notaven','IN'),(24,'lim_cre_act','OUT'),(24,'val_efectiv','IN'),(24,'val_che_dia','IN'),(24,'val_deposit','IN'),(24,'val_che_fec','IN'),(24,'val_che_pro','IN'),(24,'val_factura','IN'),(24,'val_notaven','IN'),(24,'lim_cre_act','OUT'),(24,'val_efectiv','IN'),(24,'val_che_dia','IN'),(24,'val_deposit','IN'),(24,'val_che_fec','IN'),(24,'val_che_pro','IN'),(24,'val_factura','IN'),(24,'val_notaven','IN'),(24,'lim_cre_act','OUT'),(24,'val_efectiv','IN'),(24,'val_che_dia','IN'),(24,'val_deposit','IN'),(24,'val_che_fec','IN'),(24,'val_che_pro','IN'),(24,'val_factura','IN'),(24,'val_notaven','IN'),(24,'lim_cre_act','OUT'),(24,'val_efectiv','IN'),(24,'val_che_dia','IN'),(24,'val_deposit','IN'),(24,'val_che_fec','IN'),(24,'val_che_pro','IN'),(24,'val_factura','IN'),(24,'val_notaven','IN'),(25,'val_factura','IN'),(25,'val_notaven','IN'),(25,'lim_cre_act','OUT'),(25,'val_factura','IN'),(25,'val_notaven','IN'),(4,'X','IN'),(4,'Y','IN'),(4,'X OR Y','OUT'),(24,'lim_cre_act','OUT'),(24,'val_efectiv','IN'),(24,'val_che_dia','IN'),(24,'val_deposit','IN'),(24,'val_che_fec','IN'),(24,'val_che_pro','IN'),(24,'val_factura','IN'),(24,'val_notaven','IN'),(26,'F2','IN'),(26,'F3','IN'),(26,'F4','IN'),(26,'F5','IN'),(26,'F6','IN'),(26,'F7','IN'),(26,'F8','IN'),(26,'F9','IN'),(26,'F10','IN'),(26,'quiebra','OUT'),(26,'F2','IN'),(26,'F3','IN'),(26,'F4','IN'),(26,'F5','IN'),(26,'F6','IN'),(26,'F7','IN'),(26,'F8','IN'),(26,'F9','IN'),(26,'F10','IN'),(26,'quiebra','OUT'),(26,'F2','IN'),(26,'F3','IN'),(26,'F4','IN'),(26,'F5','IN'),(26,'F6','IN'),(26,'F7','IN'),(26,'F8','IN'),(26,'F9','IN'),(26,'F10','IN'),(26,'quiebra','OUT'),(26,'F2','IN'),(26,'F3','IN'),(26,'F4','IN'),(26,'F5','IN'),(26,'F6','IN'),(26,'F7','IN'),(26,'F8','IN'),(26,'F9','IN'),(26,'F10','IN'),(26,'quiebra','OUT'),(26,'F2','IN'),(26,'F3','IN'),(26,'F4','IN'),(26,'F5','IN'),(26,'F6','IN'),(26,'F7','IN'),(26,'F8','IN'),(26,'F9','IN'),(26,'F10','IN'),(26,'quiebra','OUT'),(26,'F2','IN'),(26,'F3','IN'),(26,'F4','IN'),(26,'F5','IN'),(26,'F6','IN'),(26,'F7','IN'),(26,'F8','IN'),(26,'F9','IN'),(26,'F10','IN'),(26,'quiebra','OUT'),(26,'F2','IN'),(26,'F3','IN'),(26,'F4','IN'),(26,'F5','IN'),(26,'F6','IN'),(26,'F7','IN'),(26,'F8','IN'),(26,'F9','IN'),(26,'F10','IN'),(26,'quiebra','OUT'),(4,'X','IN'),(4,'Y','IN'),(4,'X OR Y','OUT'),(26,'F2','IN'),(26,'F3','IN'),(26,'F4','IN'),(26,'F5','IN'),(26,'F6','IN'),(26,'F7','IN'),(26,'F8','IN'),(26,'F9','IN'),(26,'F10','IN'),(26,'quiebra','OUT'),(27,'F2','IN'),(27,'F3','IN'),(27,'F4','IN'),(27,'F5','IN'),(27,'F6','IN'),(27,'F7','IN'),(27,'F8','IN'),(27,'F9','IN'),(27,'F10','IN'),(27,'quiebra','OUT'),(27,'F2','IN'),(27,'F3','IN'),(27,'F4','IN'),(27,'F5','IN'),(27,'F6','IN'),(27,'F7','IN'),(27,'F8','IN'),(27,'F9','IN'),(27,'F10','IN'),(27,'quiebra','OUT'),(27,'F2','IN'),(27,'F3','IN'),(27,'F4','IN'),(27,'F5','IN'),(27,'F6','IN'),(27,'F7','IN'),(27,'F8','IN'),(27,'F9','IN'),(27,'F10','IN'),(27,'quiebra','OUT'),(4,'X','IN'),(4,'Y','IN'),(4,'X OR Y','OUT'),(26,'F2','IN'),(26,'F3','IN'),(26,'F4','IN'),(26,'F5','IN'),(26,'F6','IN'),(26,'F7','IN'),(26,'F8','IN'),(26,'F9','IN'),(26,'F10','IN'),(26,'quiebra','OUT'),(27,'F2','IN'),(27,'F3','IN'),(27,'F4','IN'),(27,'F5','IN'),(27,'F6','IN'),(27,'F7','IN'),(27,'F8','IN'),(27,'F9','IN'),(27,'F10','IN'),(27,'quiebra','OUT'),(0,'x','IN'),(0,'y','IN'),(0,'out','OUT'),(0,'x','IN'),(0,'y','IN'),(0,'out','OUT'),(0,'x','IN'),(0,'y','IN'),(0,'out','OUT'),(0,'x','IN'),(0,'y','IN'),(0,'out','OUT'),(0,'out','OUT'),(0,'x','IN'),(0,'y','IN'),(0,'out','OUT'),(0,'out','OUT'),(0,'out','OUT'),(0,'x','IN'),(0,'y','IN'),(0,'out','OUT'),(0,'x','IN'),(0,'y','IN'),(0,'out','OUT'),(0,'x','IN'),(0,'y','IN'),(0,'out','OUT'),(0,'x','IN'),(0,'y','IN'),(0,'out','OUT'),(0,'x','IN'),(0,'y','IN'),(0,'out','OUT'),(0,'x','IN'),(0,'y','IN'),(0,'out','OUT'),(0,'x','IN'),(0,'y','IN'),(0,'out','OUT'),(0,'x','IN'),(0,'y','IN'),(0,'out','OUT'),(0,'x','IN'),(0,'y','IN'),(0,'out','OUT'),(0,'x','IN'),(0,'y','IN'),(0,'out','OUT'),(0,'x','IN'),(0,'y','IN'),(0,'out','OUT'),(0,'x','IN'),(0,'y','IN'),(0,'out','OUT'),(0,'x','IN'),(0,'y','IN'),(0,'out','OUT'),(0,'x','IN'),(0,'y','IN'),(0,'out','OUT'),(0,'x','IN'),(0,'y','IN'),(0,'out','OUT'),(0,'x','IN'),(0,'y','IN'),(0,'out','OUT'),(0,'x','IN'),(0,'y','IN'),(0,'out','OUT'),(0,'x','IN'),(0,'y','IN'),(0,'out','OUT'),(0,'x','IN'),(0,'y','IN'),(0,'out','OUT'),(0,'x','IN'),(0,'y','IN'),(0,'out','OUT'),(0,'x','IN'),(0,'y','IN'),(0,'out','OUT'),(0,'x','IN'),(0,'y','IN'),(0,'out','OUT'),(24,'lim_cre_act','OUT'),(24,'val_efectiv','IN'),(24,'val_che_dia','IN'),(24,'val_deposit','IN'),(24,'val_che_fec','IN'),(24,'val_che_pro','IN'),(24,'val_factura','IN'),(24,'val_notaven','IN'),(0,'x','IN'),(0,'y','IN'),(0,'out','OUT'),(24,'lim_cre_act','OUT'),(24,'val_efectiv','IN'),(24,'val_che_dia','IN'),(24,'val_deposit','IN'),(24,'val_che_fec','IN'),(24,'val_che_pro','IN'),(24,'val_factura','IN'),(24,'val_notaven','IN'),(24,'lim_cre_act','OUT'),(24,'val_efectiv','IN'),(24,'val_che_dia','IN'),(24,'val_deposit','IN'),(24,'val_che_fec','IN'),(24,'val_che_pro','IN'),(24,'val_factura','IN'),(24,'val_notaven','IN'),(24,'lim_cre_act','OUT'),(24,'val_efectiv','IN'),(24,'val_che_dia','IN'),(24,'val_deposit','IN'),(24,'val_che_fec','IN'),(24,'val_che_pro','IN'),(24,'val_factura','IN'),(24,'val_notaven','IN'),(24,'lim_cre_act','OUT'),(24,'val_efectiv','IN'),(24,'val_che_dia','IN'),(24,'val_deposit','IN'),(24,'val_che_fec','IN'),(24,'val_che_pro','IN'),(24,'val_factura','IN'),(24,'val_notaven','IN'),(24,'lim_cre_act','OUT'),(24,'val_efectiv','IN'),(24,'val_che_dia','IN'),(24,'val_deposit','IN'),(24,'val_che_fec','IN'),(24,'val_che_pro','IN'),(24,'val_factura','IN'),(24,'val_notaven','IN'),(24,'lim_cre_act','OUT'),(24,'val_efectiv','IN'),(24,'val_che_dia','IN'),(24,'val_deposit','IN'),(24,'val_che_fec','IN'),(24,'val_che_pro','IN'),(24,'val_factura','IN'),(24,'val_notaven','IN'),(24,'lim_cre_act','OUT'),(24,'val_efectiv','IN'),(24,'val_che_dia','IN'),(24,'val_deposit','IN'),(24,'val_che_fec','IN'),(24,'val_che_pro','IN'),(24,'val_factura','IN'),(24,'val_notaven','IN'),(0,'x','IN'),(0,'y','IN'),(0,'out','OUT'),(0,'x','IN'),(0,'y','IN'),(0,'out','OUT'),(0,'x','IN'),(0,'y','IN'),(0,'out','OUT'),(0,'x','IN'),(0,'y','IN'),(0,'out','OUT'),(8,'lim_cre_act','OUT'),(8,'val_efectiv','IN'),(8,'val_che_dia','IN'),(8,'val_deposit','IN'),(8,'val_che_fec','IN'),(8,'val_che_pro','IN'),(8,'val_factura','IN'),(8,'val_notaven','IN'),(8,'lim_cre_act','OUT'),(8,'val_efectiv','IN'),(8,'val_che_dia','IN'),(8,'val_deposit','IN'),(8,'val_che_fec','IN'),(8,'val_che_pro','IN'),(8,'val_factura','IN'),(8,'val_notaven','IN'),(0,'x','IN'),(0,'y','IN'),(0,'out','OUT'),(0,'x','IN'),(0,'y','IN'),(0,'out','OUT'),(0,'x','IN'),(0,'y','IN'),(0,'out','OUT'),(0,'x','IN'),(0,'y','IN'),(0,'out','OUT'),(24,'lim_cre_act','OUT'),(24,'val_efectiv','IN'),(24,'val_che_dia','IN'),(24,'val_deposit','IN'),(24,'val_che_fec','IN'),(24,'val_che_pro','IN'),(24,'val_factura','IN'),(24,'val_notaven','IN'),(0,'x','IN'),(0,'y','IN'),(0,'out','OUT'),(0,'x','IN'),(0,'y','IN'),(0,'out','OUT'),(0,'x','IN'),(0,'y','IN'),(0,'out','OUT'),(24,'lim_cre_act','OUT'),(24,'val_efectiv','IN'),(24,'val_che_dia','IN'),(24,'val_deposit','IN'),(24,'val_che_fec','IN'),(24,'val_che_pro','IN'),(24,'val_factura','IN'),(24,'val_notaven','IN'),(0,'x','IN'),(0,'y','IN'),(0,'out','OUT'),(17,'sal_actual','OUT'),(17,'val_efectiv','IN'),(17,'val_che_dia','IN'),(17,'val_deposit','IN'),(17,'val_che_fec','IN'),(17,'val_che_pro','IN'),(17,'val_factura','IN'),(17,'val_notaven','IN'),(0,'x','IN'),(0,'y','IN'),(0,'out','OUT'),(21,'lim_cre_act','OUT'),(21,'val_efectiv','IN'),(21,'val_che_dia','IN'),(21,'val_deposit','IN'),(21,'val_che_fec','IN'),(21,'val_che_pro','IN'),(21,'val_factura','IN'),(21,'val_notaven','IN'),(0,'x','IN'),(0,'y','IN'),(0,'out','OUT');

/*Table structure for table `tab_funcion_activacion` */

DROP TABLE IF EXISTS `tab_funcion_activacion`;

CREATE TABLE `tab_funcion_activacion` (
  `fun_id` int(10) unsigned NOT NULL AUTO_INCREMENT,
  `fun_descripcion` varchar(45) NOT NULL,
  PRIMARY KEY (`fun_id`)
) ENGINE=InnoDB AUTO_INCREMENT=4 DEFAULT CHARSET=latin1 COMMENT='tipo de funciones de activaciones';

/*Data for the table `tab_funcion_activacion` */

insert  into `tab_funcion_activacion`(`fun_id`,`fun_descripcion`) values (0,'FUNCION SIGNO'),(1,'ESCALON UNITARIO'),(2,'SIGMOIDE'),(3,'TANGENTE HIPERBOLICA');

/*Table structure for table `tab_neurona` */

DROP TABLE IF EXISTS `tab_neurona`;

CREATE TABLE `tab_neurona` (
  `neu_id` int(10) unsigned NOT NULL,
  `neu_estado` double NOT NULL,
  `neu_salida_deseada` double NOT NULL,
  `neu_potencial_lateral` double NOT NULL,
  `neu_potencial_adelante` double NOT NULL,
  `neu_potencial_atras` double NOT NULL,
  `neu_norma_cuadratica_adelante` double NOT NULL,
  `neu_norma_cuadratica_lateral` double NOT NULL,
  `neu_norma_cuadratica_atras` double NOT NULL,
  `tip_neu_id` int(10) unsigned NOT NULL,
  `cap_id` int(10) unsigned NOT NULL,
  `red_id` int(10) unsigned NOT NULL,
  `neu_peso_umbral` double DEFAULT NULL,
  PRIMARY KEY (`neu_id`,`red_id`,`cap_id`) USING BTREE,
  KEY `FK_tab_neurona_1` (`tip_neu_id`),
  KEY `FK_tab_neurona_2` (`cap_id`),
  CONSTRAINT `FK_tab_neurona_1` FOREIGN KEY (`tip_neu_id`) REFERENCES `tab_tipo_neurona` (`tip_neu_id`)
) ENGINE=InnoDB DEFAULT CHARSET=latin1;

/*Data for the table `tab_neurona` */

insert  into `tab_neurona`(`neu_id`,`neu_estado`,`neu_salida_deseada`,`neu_potencial_lateral`,`neu_potencial_adelante`,`neu_potencial_atras`,`neu_norma_cuadratica_adelante`,`neu_norma_cuadratica_lateral`,`neu_norma_cuadratica_atras`,`tip_neu_id`,`cap_id`,`red_id`,`neu_peso_umbral`) values (0,0,0,0,0,0,0,0,0,3,0,0,0),(0,0,0,0,0,0,0,0,0,3,1,0,0.198216),(0,0,0,0,0,0,0,0,0,3,2,0,0.358638),(0,0,0,0,0,0,0,0,0,3,0,1,0),(0,0,0,0,0,0,0,0,0,3,1,1,0.034408),(0,0,0,0,0,0,0,0,0,3,2,1,0.133241),(0,0,0,0,0,0,0,0,0,3,0,2,0),(0,0,0,0,0,0,0,0,0,3,1,2,-0.415473),(0,0,0,0,0,0,0,0,0,3,2,2,-0.154204),(0,0,0,0,0,0,0,0,0,3,0,3,0),(0,0,0,0,0,0,0,0,0,3,1,3,-0.478561),(0,0,0,0,0,0,0,0,0,3,2,3,-0.200809),(0,0,0,0,0,0,0,0,0,3,0,4,0),(0,0,0,0,0,0,0,0,0,3,1,4,-0.379903),(0,0,0,0,0,0,0,0,0,3,2,4,-0.204532),(0,0,0,0,0,0,0,0,0,3,0,5,0),(0,0,0,0,0,0,0,0,0,3,1,5,0.267921),(0,0,0,0,0,0,0,0,0,3,2,5,0.423168),(0,0,0,0,0,0,0,0,0,3,0,6,0),(0,0,0,0,0,0,0,0,0,3,1,6,0.302116),(0,0,0,0,0,0,0,0,0,3,2,6,0.282842),(0,0,0,0,0,0,0,0,0,3,0,7,0),(0,0,0,0,0,0,0,0,0,3,1,7,-0.299412),(0,0,0,0,0,0,0,0,0,3,2,7,-0.460078),(0,0,0,0,0,0,0,0,0,3,0,8,0),(0,0,0,0,0,0,0,0,0,3,1,8,-0.221032),(0,0,0,0,0,0,0,0,0,3,2,8,-0.029021),(0,0,0,0,0,0,0,0,0,3,0,9,0),(0,0,0,0,0,0,0,0,0,3,1,9,-0.494253),(0,0,0,0,0,0,0,0,0,3,2,9,0.292752),(0,0,0,0,0,0,0,0,0,3,0,10,0),(0,0,0,0,0,0,0,0,0,3,1,10,-0.048839),(0,0,0,0,0,0,0,0,0,3,2,10,0.43948),(0,0,0,0,0,0,0,0,0,3,0,11,0),(0,0,0,0,0,0,0,0,0,3,1,11,-0.029939),(0,0,0,0,0,0,0,0,0,3,2,11,0.468742),(0,0,0,0,0,0,0,0,0,3,0,12,0),(0,0,0,0,0,0,0,0,0,3,1,12,0.22579),(0,0,0,0,0,0,0,0,0,3,2,12,-0.237088),(0,0,0,0,0,0,0,0,0,3,0,13,0),(0,0,0,0,0,0,0,0,0,3,1,13,-0.117344),(0,0,0,0,0,0,0,0,0,3,2,13,-0.286527),(0,0,0,0,0,0,0,0,0,3,0,14,0),(0,0,0,0,0,0,0,0,0,3,1,14,-0.160511),(0,0,0,0,0,0,0,0,0,3,2,14,-0.334851),(0,0,0,0,0,0,0,0,0,3,0,15,0),(0,0,0,0,0,0,0,0,0,3,1,15,-0.267289),(0,0,0,0,0,0,0,0,0,3,2,15,0.087187),(0,0,0,0,0,0,0,0,0,3,0,16,0),(0,0,0,0,0,0,0,0,0,3,1,16,-0.316394),(0,0,0,0,0,0,0,0,0,3,2,16,0.301397),(0,0,0,0,0,0,0,0,0,3,0,17,0),(0,0,0,0,0,0,0,0,0,3,1,17,0.184002),(0,0,0,0,0,0,0,0,0,3,2,17,-0.176644),(0,0,0,0,0,0,0,0,0,3,0,18,0),(0,0,0,0,0,0,0,0,0,3,1,18,0.084072),(0,0,0,0,0,0,0,0,0,3,2,18,-0.289938),(0,0,0,0,0,0,0,0,0,3,0,19,0),(0,0,0,0,0,0,0,0,0,3,1,19,-0.071536),(0,0,0,0,0,0,0,0,0,3,2,19,-0.338837),(0,0,0,0,0,0,0,0,0,3,0,20,0),(0,0,0,0,0,0,0,0,0,3,1,20,-0.114941),(0,0,0,0,0,0,0,0,0,3,2,20,-0.0527),(0,0,0,0,0,0,0,0,0,3,0,21,0),(0,0,0,0,0,0,0,0,0,3,1,21,0.053685),(0,0,0,0,0,0,0,0,0,3,2,21,0.118306),(0,0,0,0,0,0,0,0,0,3,0,22,0),(0,0,0,0,0,0,0,0,0,3,1,22,-0.214056),(0,0,0,0,0,0,0,0,0,3,2,22,0.049265),(0,0,0,0,0,0,0,0,0,3,0,23,0),(0,0,0,0,0,0,0,0,0,3,1,23,-0.495123),(0,0,0,0,0,0,0,0,0,3,2,23,0.094201),(0,0,0,0,0,0,0,0,0,3,0,24,0),(0,0,0,0,0,0,0,0,0,3,1,24,-0.486371),(0,0,0,0,0,0,0,0,0,3,2,24,0.023965),(0,0,0,0,0,0,0,0,0,3,0,25,0),(0,0,0,0,0,0,0,0,0,3,1,25,-0.352174),(0,0,0,0,0,0,0,0,0,3,2,25,-0.211101),(0,0,0,0,0,0,0,0,0,3,0,26,0),(0,0,0,0,0,0,0,0,0,3,1,26,-0.28577),(0,0,0,0,0,0,0,0,0,3,2,26,-0.147693),(0,0,0,0,0,0,0,0,0,3,0,27,0),(0,0,0,0,0,0,0,0,0,3,1,27,0.4796),(0,0,0,0,0,0,0,0,0,3,2,27,0.1138),(0,0,0,0,0,0,0,0,0,3,0,28,0),(0,0,0,0,0,0,0,0,0,3,1,28,-0.254156),(0,0,0,0,0,0,0,0,0,3,2,28,0.339538),(1,0,0,0,0,0,0,0,0,3,0,0,0),(1,0,0,0,0,0,0,0,0,3,1,0,-0.171569),(1,0,0,0,0,0,0,0,0,3,0,1,0),(1,0,0,0,0,0,0,0,0,3,1,1,0.462127),(1,0,0,0,0,0,0,0,0,3,0,2,0),(1,0,0,0,0,0,0,0,0,3,1,2,0.100795),(1,0,0,0,0,0,0,0,0,3,0,3,0),(1,0,0,0,0,0,0,0,0,3,1,3,0.434874),(1,0,0,0,0,0,0,0,0,3,0,4,0),(1,0,0,0,0,0,0,0,0,3,1,4,0.228096),(1,0,0,0,0,0,0,0,0,3,0,5,0),(1,0,0,0,0,0,0,0,0,3,1,5,0.441329),(1,0,0,0,0,0,0,0,0,3,0,6,0),(1,0,0,0,0,0,0,0,0,3,1,6,-0.370095),(1,0,0,0,0,0,0,0,0,3,0,7,0),(1,0,0,0,0,0,0,0,0,3,1,7,0.101475),(1,0,0,0,0,0,0,0,0,3,0,8,0),(1,0,0,0,0,0,0,0,0,3,1,8,-0.314147),(1,0,0,0,0,0,0,0,0,3,0,9,0),(1,0,0,0,0,0,0,0,0,3,1,9,-0.41497),(1,0,0,0,0,0,0,0,0,3,0,10,0),(1,0,0,0,0,0,0,0,0,3,1,10,0.281416),(1,0,0,0,0,0,0,0,0,3,0,11,0),(1,0,0,0,0,0,0,0,0,3,1,11,-0.209052),(1,0,0,0,0,0,0,0,0,3,0,12,0),(1,0,0,0,0,0,0,0,0,3,1,12,0.041661),(1,0,0,0,0,0,0,0,0,3,0,13,0),(1,0,0,0,0,0,0,0,0,3,1,13,-0.084833),(1,0,0,0,0,0,0,0,0,3,0,14,0),(1,0,0,0,0,0,0,0,0,3,1,14,-0.023079),(1,0,0,0,0,0,0,0,0,3,0,15,0),(1,0,0,0,0,0,0,0,0,3,1,15,0.360991),(1,0,0,0,0,0,0,0,0,3,0,16,0),(1,0,0,0,0,0,0,0,0,3,1,16,-0.160429),(1,0,0,0,0,0,0,0,0,3,0,17,0),(1,0,0,0,0,0,0,0,0,3,1,17,0.216703),(1,0,0,0,0,0,0,0,0,3,0,18,0),(1,0,0,0,0,0,0,0,0,3,1,18,-0.032735),(1,0,0,0,0,0,0,0,0,3,0,19,0),(1,0,0,0,0,0,0,0,0,3,1,19,0.093845),(1,0,0,0,0,0,0,0,0,3,0,20,0),(1,0,0,0,0,0,0,0,0,3,1,20,0.42641),(1,0,0,0,0,0,0,0,0,3,0,21,0),(1,0,0,0,0,0,0,0,0,3,1,21,-0.361249),(1,0,0,0,0,0,0,0,0,3,0,22,0),(1,0,0,0,0,0,0,0,0,3,1,22,0.405725),(1,0,0,0,0,0,0,0,0,3,0,23,0),(1,0,0,0,0,0,0,0,0,3,1,23,0.108577),(1,0,0,0,0,0,0,0,0,3,0,24,0),(1,0,0,0,0,0,0,0,0,3,1,24,0.352389),(1,0,0,0,0,0,0,0,0,3,0,25,0),(1,0,0,0,0,0,0,0,0,3,1,25,0.071245),(1,0,0,0,0,0,0,0,0,3,0,26,0),(1,0,0,0,0,0,0,0,0,3,1,26,-0.4225),(1,0,0,0,0,0,0,0,0,3,0,27,0),(1,0,0,0,0,0,0,0,0,3,1,27,-0.1817),(1,0,0,0,0,0,0,0,0,3,0,28,0),(1,0,0,0,0,0,0,0,0,3,1,28,-0.132491),(2,0,0,0,0,0,0,0,0,3,0,1,0),(2,0,0,0,0,0,0,0,0,3,1,1,0.409646),(2,0,0,0,0,0,0,0,0,3,0,2,0),(2,0,0,0,0,0,0,0,0,3,1,2,0.006921),(2,0,0,0,0,0,0,0,0,3,0,8,0),(2,0,0,0,0,0,0,0,0,3,1,8,-0.387812),(2,0,0,0,0,0,0,0,0,3,0,9,0),(2,0,0,0,0,0,0,0,0,3,1,9,0.487573),(2,0,0,0,0,0,0,0,0,3,0,10,0),(2,0,0,0,0,0,0,0,0,3,1,10,-0.170067),(2,0,0,0,0,0,0,0,0,3,0,11,0),(2,0,0,0,0,0,0,0,0,3,1,11,-0.308659),(2,0,0,0,0,0,0,0,0,3,0,12,0),(2,0,0,0,0,0,0,0,0,3,1,12,-0.346756),(2,0,0,0,0,0,0,0,0,3,0,13,0),(2,0,0,0,0,0,0,0,0,3,1,13,-0.157208),(2,0,0,0,0,0,0,0,0,3,0,14,0),(2,0,0,0,0,0,0,0,0,3,1,14,-0.061012),(2,0,0,0,0,0,0,0,0,3,0,15,0),(2,0,0,0,0,0,0,0,0,3,1,15,0.158186),(2,0,0,0,0,0,0,0,0,3,0,16,0),(2,0,0,0,0,0,0,0,0,3,1,16,0.191325),(2,0,0,0,0,0,0,0,0,3,0,17,0),(2,0,0,0,0,0,0,0,0,3,1,17,-0.115816),(2,0,0,0,0,0,0,0,0,3,0,18,0),(2,0,0,0,0,0,0,0,0,3,1,18,-0.432888),(2,0,0,0,0,0,0,0,0,3,0,19,0),(2,0,0,0,0,0,0,0,0,3,1,19,0.133856),(2,0,0,0,0,0,0,0,0,3,0,21,0),(2,0,0,0,0,0,0,0,0,3,1,21,-0.328548),(2,0,0,0,0,0,0,0,0,3,0,22,0),(2,0,0,0,0,0,0,0,0,3,1,22,0.04454),(2,0,0,0,0,0,0,0,0,3,0,23,0),(2,0,0,0,0,0,0,0,0,3,1,23,0.489713),(2,0,0,0,0,0,0,0,0,3,0,24,0),(2,0,0,0,0,0,0,0,0,3,1,24,-0.025995),(2,0,0,0,0,0,0,0,0,3,0,26,0),(2,0,0,0,0,0,0,0,0,3,1,26,-0.072495),(2,0,0,0,0,0,0,0,0,3,0,27,0),(2,0,0,0,0,0,0,0,0,3,1,27,-0.0967),(3,0,0,0,0,0,0,0,0,3,0,1,0),(3,0,0,0,0,0,0,0,0,3,1,1,0.384771),(3,0,0,0,0,0,0,0,0,3,0,2,0),(3,0,0,0,0,0,0,0,0,3,1,2,0.26121),(3,0,0,0,0,0,0,0,0,3,0,8,0),(3,0,0,0,0,0,0,0,0,3,1,8,-0.125682),(3,0,0,0,0,0,0,0,0,3,0,9,0),(3,0,0,0,0,0,0,0,0,3,1,9,-0.205106),(3,0,0,0,0,0,0,0,0,3,0,10,0),(3,0,0,0,0,0,0,0,0,3,1,10,-0.152416),(3,0,0,0,0,0,0,0,0,3,0,11,0),(3,0,0,0,0,0,0,0,0,3,1,11,0.014113),(3,0,0,0,0,0,0,0,0,3,0,12,0),(3,0,0,0,0,0,0,0,0,3,1,12,0.352258),(3,0,0,0,0,0,0,0,0,3,0,13,0),(3,0,0,0,0,0,0,0,0,3,1,13,0.407793),(3,0,0,0,0,0,0,0,0,3,0,14,0),(3,0,0,0,0,0,0,0,0,3,1,14,0.039198),(3,0,0,0,0,0,0,0,0,3,0,15,0),(3,0,0,0,0,0,0,0,0,3,1,15,-0.041036),(3,0,0,0,0,0,0,0,0,3,0,16,0),(3,0,0,0,0,0,0,0,0,3,1,16,-0.208559),(3,0,0,0,0,0,0,0,0,3,0,17,0),(3,0,0,0,0,0,0,0,0,3,1,17,0.185056),(3,0,0,0,0,0,0,0,0,3,0,18,0),(3,0,0,0,0,0,0,0,0,3,1,18,0.428401),(3,0,0,0,0,0,0,0,0,3,0,19,0),(3,0,0,0,0,0,0,0,0,3,1,19,0.068792),(3,0,0,0,0,0,0,0,0,3,0,21,0),(3,0,0,0,0,0,0,0,0,3,1,21,0.269734),(3,0,0,0,0,0,0,0,0,3,0,22,0),(3,0,0,0,0,0,0,0,0,3,1,22,0.080824),(3,0,0,0,0,0,0,0,0,3,0,23,0),(3,0,0,0,0,0,0,0,0,3,1,23,-0.498369),(3,0,0,0,0,0,0,0,0,3,0,24,0),(3,0,0,0,0,0,0,0,0,3,0,26,0),(3,0,0,0,0,0,0,0,0,3,1,26,-0.068044),(3,0,0,0,0,0,0,0,0,3,0,27,0),(3,0,0,0,0,0,0,0,0,3,1,27,0.454),(4,0,0,0,0,0,0,0,0,3,0,1,0),(4,0,0,0,0,0,0,0,0,3,0,2,0),(4,0,0,0,0,0,0,0,0,3,0,8,0),(4,0,0,0,0,0,0,0,0,3,0,9,0),(4,0,0,0,0,0,0,0,0,3,1,9,0.360611),(4,0,0,0,0,0,0,0,0,3,0,10,0),(4,0,0,0,0,0,0,0,0,3,0,11,0),(4,0,0,0,0,0,0,0,0,3,1,11,0.401598),(4,0,0,0,0,0,0,0,0,3,0,12,0),(4,0,0,0,0,0,0,0,0,3,1,12,-0.277457),(4,0,0,0,0,0,0,0,0,3,0,13,0),(4,0,0,0,0,0,0,0,0,3,1,13,-0.229704),(4,0,0,0,0,0,0,0,0,3,0,14,0),(4,0,0,0,0,0,0,0,0,3,1,14,0.205296),(4,0,0,0,0,0,0,0,0,3,0,15,0),(4,0,0,0,0,0,0,0,0,3,1,15,0.486297),(4,0,0,0,0,0,0,0,0,3,0,16,0),(4,0,0,0,0,0,0,0,0,3,1,16,0.39514),(4,0,0,0,0,0,0,0,0,3,0,17,0),(4,0,0,0,0,0,0,0,0,3,1,17,-0.161796),(4,0,0,0,0,0,0,0,0,3,0,18,0),(4,0,0,0,0,0,0,0,0,3,1,18,-0.011167),(4,0,0,0,0,0,0,0,0,3,0,19,0),(4,0,0,0,0,0,0,0,0,3,1,19,0.252806),(4,0,0,0,0,0,0,0,0,3,0,21,0),(4,0,0,0,0,0,0,0,0,3,1,21,-0.102917),(4,0,0,0,0,0,0,0,0,3,0,22,0),(4,0,0,0,0,0,0,0,0,3,1,22,0.426128),(4,0,0,0,0,0,0,0,0,3,0,23,0),(4,0,0,0,0,0,0,0,0,3,1,23,0.106047),(4,0,0,0,0,0,0,0,0,3,0,24,0),(4,0,0,0,0,0,0,0,0,3,0,26,0),(4,0,0,0,0,0,0,0,0,3,1,26,-0.240922),(4,0,0,0,0,0,0,0,0,3,0,27,0),(5,0,0,0,0,0,0,0,0,3,0,1,0),(5,0,0,0,0,0,0,0,0,3,0,2,0),(5,0,0,0,0,0,0,0,0,3,0,8,0),(5,0,0,0,0,0,0,0,0,3,0,9,0),(5,0,0,0,0,0,0,0,0,3,0,10,0),(5,0,0,0,0,0,0,0,0,3,0,11,0),(5,0,0,0,0,0,0,0,0,3,0,12,0),(5,0,0,0,0,0,0,0,0,3,1,12,-0.146575),(5,0,0,0,0,0,0,0,0,3,0,13,0),(5,0,0,0,0,0,0,0,0,3,1,13,0.329563),(5,0,0,0,0,0,0,0,0,3,0,14,0),(5,0,0,0,0,0,0,0,0,3,1,14,0.310522),(5,0,0,0,0,0,0,0,0,3,0,15,0),(5,0,0,0,0,0,0,0,0,3,1,15,0.337958),(5,0,0,0,0,0,0,0,0,3,0,16,0),(5,0,0,0,0,0,0,0,0,3,1,16,0.194115),(5,0,0,0,0,0,0,0,0,3,0,17,0),(5,0,0,0,0,0,0,0,0,3,1,17,-0.099713),(5,0,0,0,0,0,0,0,0,3,0,18,0),(5,0,0,0,0,0,0,0,0,3,1,18,-0.441867),(5,0,0,0,0,0,0,0,0,3,0,19,0),(5,0,0,0,0,0,0,0,0,3,1,19,-0.353875),(5,0,0,0,0,0,0,0,0,3,0,21,0),(5,0,0,0,0,0,0,0,0,3,0,22,0),(5,0,0,0,0,0,0,0,0,3,1,22,0.041294),(5,0,0,0,0,0,0,0,0,3,0,23,0),(5,0,0,0,0,0,0,0,0,3,1,23,-0.457634),(5,0,0,0,0,0,0,0,0,3,0,24,0),(5,0,0,0,0,0,0,0,0,3,0,26,0),(5,0,0,0,0,0,0,0,0,3,0,27,0),(6,0,0,0,0,0,0,0,0,3,0,8,0),(6,0,0,0,0,0,0,0,0,3,0,9,0),(6,0,0,0,0,0,0,0,0,3,0,10,0),(6,0,0,0,0,0,0,0,0,3,0,11,0),(6,0,0,0,0,0,0,0,0,3,0,12,0),(6,0,0,0,0,0,0,0,0,3,0,13,0),(6,0,0,0,0,0,0,0,0,3,0,14,0),(6,0,0,0,0,0,0,0,0,3,1,14,0.440071),(6,0,0,0,0,0,0,0,0,3,0,15,0),(6,0,0,0,0,0,0,0,0,3,1,15,-0.428536),(6,0,0,0,0,0,0,0,0,3,0,16,0),(6,0,0,0,0,0,0,0,0,3,0,17,0),(6,0,0,0,0,0,0,0,0,3,0,18,0),(6,0,0,0,0,0,0,0,0,3,0,19,0),(6,0,0,0,0,0,0,0,0,3,0,21,0),(6,0,0,0,0,0,0,0,0,3,0,22,0),(6,0,0,0,0,0,0,0,0,3,0,23,0),(6,0,0,0,0,0,0,0,0,3,1,23,0.146065),(6,0,0,0,0,0,0,0,0,3,0,24,0),(6,0,0,0,0,0,0,0,0,3,0,26,0),(6,0,0,0,0,0,0,0,0,3,0,27,0),(7,0,0,0,0,0,0,0,0,3,1,15,0.32996),(7,0,0,0,0,0,0,0,0,3,0,26,0),(7,0,0,0,0,0,0,0,0,3,0,27,0),(8,0,0,0,0,0,0,0,0,3,1,15,0.19237),(8,0,0,0,0,0,0,0,0,3,0,26,0),(8,0,0,0,0,0,0,0,0,3,0,27,0);

/*Table structure for table `tab_patron` */

DROP TABLE IF EXISTS `tab_patron`;

CREATE TABLE `tab_patron` (
  `red_id` int(10) unsigned DEFAULT NULL,
  `num_entradas` int(10) unsigned DEFAULT NULL,
  `num_salidas` int(10) unsigned DEFAULT NULL,
  KEY `FK_tab_patron_1` (`red_id`),
  CONSTRAINT `FK_tab_patron_1` FOREIGN KEY (`red_id`) REFERENCES `tab_red` (`red_id`)
) ENGINE=InnoDB DEFAULT CHARSET=latin1;

/*Data for the table `tab_patron` */

insert  into `tab_patron`(`red_id`,`num_entradas`,`num_salidas`) values (0,2,1),(0,2,1),(0,2,1),(1,6,1),(1,6,1),(1,6,1),(1,6,1),(1,6,1),(1,6,1),(1,6,1),(1,6,1),(2,6,1),(2,6,1),(2,6,1),(2,6,1),(2,6,1),(3,2,1),(3,2,1),(4,2,1),(2,6,1),(4,2,1),(4,2,1),(4,2,1),(5,2,1),(5,2,1),(5,2,1),(5,2,1),(5,2,1),(5,2,1),(5,2,1),(5,2,1),(5,2,1),(5,2,1),(5,2,1),(5,2,1),(5,2,1),(5,2,1),(5,2,1),(0,2,1),(5,2,1),(5,2,1),(2,6,1),(1,6,1),(3,2,1),(1,6,1),(1,6,2),(1,6,2),(1,6,2),(1,6,2),(6,0,0),(6,0,0),(6,2,1),(6,2,1),(6,2,1),(6,2,1),(6,2,1),(6,2,1),(6,2,1),(6,2,1),(6,2,1),(6,2,1),(6,2,1),(6,2,1),(6,2,1),(6,2,1),(6,2,1),(6,2,1),(6,2,1),(6,2,1),(6,2,1),(6,2,1),(6,2,1),(6,2,1),(6,2,1),(6,2,1),(6,2,1),(6,2,1),(6,2,1),(3,2,1),(3,2,1),(3,2,1),(2,6,1),(3,2,1),(3,2,1),(3,2,1),(3,2,1),(3,2,1),(3,2,1),(3,2,1),(3,2,1),(3,2,1),(3,2,1),(3,2,1),(3,2,1),(3,2,1),(3,2,1),(3,2,1),(3,2,1),(3,2,1),(3,2,1),(3,2,1),(3,2,1),(3,2,1),(3,2,1),(3,2,1),(3,2,1),(2,6,1),(2,6,1),(2,6,1),(2,6,1),(3,2,1),(3,2,1),(3,2,1),(3,2,1),(2,6,1),(2,6,1),(2,6,1),(2,6,1),(7,0,0),(6,2,1),(6,2,1),(6,2,1),(2,6,1),(2,6,1),(1,6,2),(4,2,1),(3,2,1),(3,2,1),(0,2,1),(7,0,0),(0,2,1),(0,2,1),(0,2,1),(0,2,1),(2,6,1),(2,6,1),(8,7,1),(0,2,1),(0,2,1),(0,2,1),(0,2,1),(0,2,1),(0,2,1),(0,2,1),(8,7,1),(8,7,1),(8,7,1),(8,7,1),(8,7,1),(0,2,1),(0,2,1),(0,2,1),(0,2,1),(0,2,1),(8,7,1),(8,7,1),(8,7,1),(8,7,1),(8,7,1),(8,7,1),(9,7,1),(9,7,1),(9,7,1),(0,2,1),(0,2,1),(0,2,1),(8,7,1),(0,2,1),(0,2,1),(0,2,1),(0,2,1),(0,2,1),(0,2,1),(0,2,1),(0,2,1),(0,2,1),(0,2,1),(0,2,1),(0,2,1),(8,7,1),(8,7,1),(8,7,1),(8,7,1),(10,7,1),(10,7,1),(10,7,1),(11,7,1),(11,7,1),(11,7,1),(11,7,1),(12,7,1),(12,7,1),(12,7,1),(12,7,1),(12,7,1),(12,7,1),(12,7,1),(12,7,1),(12,7,1),(12,7,1),(12,7,1),(12,7,1),(12,7,1),(12,7,1),(12,7,1),(12,7,1),(12,7,1),(12,7,1),(12,7,1),(0,2,1),(3,2,1),(4,2,1),(14,7,1),(14,7,1),(14,7,1),(14,7,1),(14,7,1),(14,7,1),(14,7,1),(0,2,1),(14,7,1),(0,2,1),(0,2,1),(0,2,1),(0,2,1),(0,2,1),(0,2,1),(0,2,1),(0,2,1),(0,2,1),(0,2,1),(12,7,1),(0,2,1),(12,7,1),(12,7,1),(0,2,1),(0,2,1),(0,2,1),(0,2,1),(0,2,1),(0,2,1),(0,2,1),(0,2,1),(0,2,1),(0,2,1),(0,2,1),(0,2,1),(0,2,1),(0,2,1),(0,2,1),(0,2,1),(0,2,1),(0,2,1),(0,2,1),(0,2,1),(0,2,1),(0,2,1),(0,2,1),(0,2,1),(0,2,1),(12,7,1),(0,2,1),(12,7,1),(0,2,1),(0,2,1),(0,2,1),(0,2,1),(0,2,1),(0,2,1),(0,2,1),(0,2,1),(14,7,1),(0,2,1),(0,2,1),(0,2,1),(0,2,1),(0,2,1),(12,7,1),(15,7,1),(15,7,1),(0,2,1),(12,7,1),(0,2,1),(0,2,1),(12,7,1),(0,2,1),(0,2,1),(0,2,1),(0,2,1),(0,2,1),(0,2,1),(0,2,1),(0,2,1),(0,2,1),(0,2,1),(0,2,1),(0,2,1),(2,6,1),(2,6,1),(12,7,1),(0,2,1),(0,2,1),(0,2,1),(2,6,1),(12,7,1),(12,7,1),(12,7,1),(16,7,1),(12,7,1),(12,7,1),(13,0,0),(12,7,1),(0,2,1),(17,7,1),(17,7,1),(17,7,1),(12,7,1),(12,7,1),(18,7,1),(18,7,1),(12,7,1),(12,7,1),(19,7,1),(19,7,1),(21,7,1),(21,7,1),(12,7,1),(12,7,1),(12,7,1),(18,7,1),(19,7,1),(19,7,1),(21,7,1),(21,7,1),(22,7,1),(22,7,1),(23,7,1),(23,7,1),(24,7,1),(24,7,1),(24,7,1),(24,7,1),(24,7,1),(25,2,0),(25,2,1),(4,2,1),(24,7,1),(26,9,1),(26,9,1),(26,9,1),(26,9,1),(26,9,1),(26,9,1),(26,9,1),(4,2,1),(26,9,1),(27,9,1),(27,9,1),(27,9,1),(4,2,1),(26,9,1),(27,9,1),(0,2,1),(0,2,1),(0,2,1),(0,2,1),(0,0,1),(0,2,1),(0,0,1),(0,0,1),(0,2,1),(0,2,1),(0,2,1),(0,2,1),(0,2,1),(0,2,1),(0,2,1),(0,2,1),(0,2,1),(0,2,1),(0,2,1),(0,2,1),(0,2,1),(0,2,1),(0,2,1),(0,2,1),(0,2,1),(0,2,1),(0,2,1),(0,2,1),(0,2,1),(0,2,1),(24,7,1),(0,2,1),(24,7,1),(24,7,1),(24,7,1),(24,7,1),(24,7,1),(24,7,1),(24,7,1),(0,2,1),(0,2,1),(0,2,1),(0,2,1),(8,7,1),(8,7,1),(0,2,1),(0,2,1),(0,2,1),(0,2,1),(24,7,1),(0,2,1),(0,2,1),(0,2,1),(24,7,1),(0,2,1),(17,7,1),(0,2,1),(21,7,1),(0,2,1);

/*Table structure for table `tab_proyecto` */

DROP TABLE IF EXISTS `tab_proyecto`;

CREATE TABLE `tab_proyecto` (
  `pro_id` int(10) unsigned NOT NULL,
  `pro_descripcion` varchar(100) NOT NULL,
  `usu_id` int(10) unsigned NOT NULL,
  `pro_estado` int(10) unsigned NOT NULL DEFAULT '1',
  `pro_creado` datetime NOT NULL,
  `pro_modificado` datetime NOT NULL DEFAULT '0000-00-00 00:00:00',
  `pro_nombre` varchar(45) NOT NULL,
  `pro_tabla` varchar(45) NOT NULL,
  PRIMARY KEY (`pro_id`) USING BTREE,
  KEY `FK_tab_proyecto_1` (`usu_id`),
  CONSTRAINT `FK_tab_proyecto_1` FOREIGN KEY (`usu_id`) REFERENCES `tab_usuario` (`usu_id`)
) ENGINE=InnoDB DEFAULT CHARSET=latin1 COMMENT='tabla que guarda los casos de aplicacion ';

/*Data for the table `tab_proyecto` */

insert  into `tab_proyecto`(`pro_id`,`pro_descripcion`,`usu_id`,`pro_estado`,`pro_creado`,`pro_modificado`,`pro_nombre`,`pro_tabla`) values (0,'',1,1,'2010-10-08 12:53:10','2010-10-08 12:53:10','Funcin XOR','funcion_xor'),(1,'',1,1,'2010-10-08 13:09:57','2010-10-08 13:09:57','Limite de Credito','cartera_clientes_clases'),(2,'CHE CHF NCR NDB CHP EFE',1,1,'2010-10-08 14:04:54','2010-10-08 14:04:54','Cartera Cliente ','cartera_clientes'),(3,'',1,1,'2010-10-12 20:56:08','2010-10-12 20:56:08','Funcion AND','funcion_and'),(4,'',1,1,'2010-10-12 21:02:05','2010-10-12 21:02:05','Funcion OR','funcion_or'),(5,'',1,1,'2010-10-12 22:29:58','2010-10-12 22:29:58','Prueba Limite Credito','cartera_clientes_clases'),(6,'',1,1,'2010-10-19 22:34:16','2010-10-19 22:34:16','Funcion And con Tangente Hiperblica','funcion_and'),(7,'',1,1,'2010-10-21 23:44:29','2010-10-21 23:44:29','Prueba','funcion_and'),(8,'',1,1,'2010-10-23 13:11:03','2010-10-23 13:11:03','Prueba 1','cartera_clientes_clases'),(9,'',1,1,'2010-10-23 17:53:38','2010-10-23 17:53:38','Prueba 2','cartera_clientes_clases'),(10,'',1,1,'2010-10-23 20:23:46','2010-10-23 20:23:46','Prueba 3','cartera_clientes'),(11,'',1,1,'2010-10-23 20:44:56','2010-10-23 20:44:56','Prueba 4','cartera_clientes'),(12,'Apre=0.25; Mom=0.75; in=7 hi=6 out=1 Error:2,46%',1,1,'2010-10-23 21:06:58','2010-10-23 21:06:58','Establecimiento de Limite de Credito','cartera_clientes_clases'),(13,'',1,1,'2010-10-23 22:14:07','2010-10-23 22:14:07','Prueba 6','cartera_clientes_clases'),(14,'',1,1,'2010-10-24 10:10:01','2010-10-24 10:10:01','Prueba 7','cartera_clientes_clases'),(15,'',1,1,'2010-10-27 21:34:34','2010-10-27 21:34:34','Prueba 8','cartera_clientes_clases'),(16,'',1,1,'2010-11-21 22:27:45','2010-11-21 22:27:45','Prueba 5','cartera_clientes_clases'),(17,'',1,1,'2011-02-12 14:35:45','2011-02-12 14:35:45','Prueba # 17','cartera_clientes_clases'),(18,'',1,1,'2011-02-12 15:02:25','2011-02-12 15:02:25','Prueba # 18','cartera_clientes_clases'),(19,'',1,1,'2011-02-12 15:33:19','2011-02-12 15:33:19','Prueba # 19','cartera_clientes_clases'),(20,'',1,1,'2011-02-12 15:48:04','2011-02-12 15:48:04','Prueba # 20','cartera_clientes_clases'),(21,'',1,1,'2011-02-12 15:48:56','2011-02-12 15:48:56','Prueba # 21','cartera_clientes_clases'),(22,'',1,1,'2011-02-12 16:59:07','2011-02-12 16:59:07','Prueba # 22','cartera_clientes_clases'),(23,'',1,1,'2011-02-12 17:27:03','2011-02-12 17:27:03','Prueba # 23','cartera_clientes_clases'),(24,'',1,1,'2011-02-12 17:40:11','2011-02-12 17:40:11','Prueba # 24','cartera_clientes_clases'),(25,'',1,1,'2011-02-12 18:05:25','2011-02-12 18:05:25','Prueba # 25','cartera_clientes_clases'),(26,'Prediccin de quiebra de entidades bancarias espaolas ao 2006',1,1,'2011-02-12 21:15:25','2011-02-12 21:15:25','Prediccion de quiebra','quiebra'),(27,'',1,1,'2011-02-12 21:29:02','2011-02-12 21:29:02','Prueba # 27','quiebra'),(28,'',1,1,'2011-03-12 14:39:21','2011-03-12 14:39:21','asdasdad','funcion_or');

/*Table structure for table `tab_pruebas` */

DROP TABLE IF EXISTS `tab_pruebas`;

CREATE TABLE `tab_pruebas` (
  `idPrueba` int(11) NOT NULL,
  `numEntradas` int(11) DEFAULT NULL,
  `numOcultas` int(11) DEFAULT NULL,
  `numSalidas` int(11) DEFAULT NULL,
  `factorAprendizaje` double DEFAULT NULL,
  `factorMomento` double DEFAULT NULL,
  `errorPorPatron` double DEFAULT NULL,
  `errorPorEpoca` double DEFAULT NULL,
  `ciclos` int(11) DEFAULT NULL,
  `funcionActivacion` int(11) DEFAULT NULL,
  `correctos` int(11) DEFAULT NULL,
  `incorrectos` int(11) DEFAULT NULL,
  `total` int(11) DEFAULT NULL,
  `porError` double DEFAULT NULL,
  `tiempoEjecucion` varchar(10) DEFAULT NULL,
  `epocasUtilizadas` int(11) DEFAULT NULL,
  `observacion` varchar(1000) DEFAULT NULL
) ENGINE=InnoDB DEFAULT CHARSET=latin1;

/*Data for the table `tab_pruebas` */

insert  into `tab_pruebas`(`idPrueba`,`numEntradas`,`numOcultas`,`numSalidas`,`factorAprendizaje`,`factorMomento`,`errorPorPatron`,`errorPorEpoca`,`ciclos`,`funcionActivacion`,`correctos`,`incorrectos`,`total`,`porError`,`tiempoEjecucion`,`epocasUtilizadas`,`observacion`) values (1,7,4,1,0.8,0.7,1e-005,1e-005,10000,2,974,120,1094,10.97,'0:03:12',10000,' '),(1,7,4,1,0.25,0.8,1e-005,1e-005,10000,2,985,109,1094,9.96,'0:03:20',10000,' '),(1,7,4,1,0.25,0.8,1e-005,1e-005,20000,2,978,116,1094,10.6,'0:06:47',20000,' '),(1,7,4,1,0.3,0.7,1e-005,1e-005,10000,2,979,115,1094,10.51,'0:03:14',10000,' '),(1,7,4,1,0.5,0.8,1e-005,1e-005,10000,2,970,124,1094,11.33,'0:03:03',10000,' '),(1,7,4,1,0.4,0.7,1e-005,1e-005,10000,2,993,101,1094,9.23,'0:03:19',10000,' '),(1,7,4,1,0.4,0.7,1e-005,1e-005,30000,2,990,104,1094,9.51,'0:10:30',10000,' '),(2,7,5,1,0.4,0.7,1e-005,1e-005,10000,2,989,105,1094,9.6,'0:04:01',10000,' '),(5,7,6,1,0.8,0.7,0.0001,1e-005,10000,2,1039,55,1094,5.03,'0:03:55',10000,' '),(5,7,6,1,0.25,0.7,0.0001,1e-005,10000,2,1063,31,1094,2.83,'0:03:43',10000,' '),(5,7,6,1,0.1,0.7,0.0001,1e-005,10000,2,1048,46,1094,4.2,'0:03:49',10000,' '),(5,7,6,1,0.3,0.7,0.0001,1e-005,10000,2,1034,60,1094,5.48,'0:03:34',10000,' '),(5,7,6,1,0.25,0.8,0.0001,1e-005,10000,2,1062,32,1094,2.93,'0:03:30',10000,' '),(5,7,6,1,0.25,0.9,0.0001,1e-005,10000,2,1064,30,1094,2.74,'0:03:29',10000,' '),(5,7,6,1,0.25,0.9,0.0001,1e-005,15000,2,1060,34,1094,3.11,'0:05:19',10000,' '),(5,7,6,1,0.2,0.95,0.0001,1e-005,10000,2,1021,73,1094,6.67,'0:03:32',10000,' '),(5,7,6,1,0.25,0.9,0.0001,1e-005,10000,2,1049,45,1094,4.11,'0:03:29',10000,' '),(5,7,6,1,0.25,0.75,0.0001,1e-005,10000,2,1067,27,1094,2.47,'0:03:37',10000,' '),(7,7,7,1,0.25,0.75,0.0001,1e-005,10000,2,979,115,1094,10.51,'0:05:30',10000,' '),(7,7,7,1,0.4,0.8,0.0001,1e-005,10000,2,990,104,1094,9.51,'0:05:38',10000,' '),(12,7,6,1,0.25,0.75,0.0001,1e-005,10000,2,1067,27,1094,2.47,'0:03:38',10000,' '),(17,7,6,1,0.25,0.8,0.0001,1e-005,10000,2,0,0,0,0,'0:00:00',0,' '),(18,7,6,1,0.25,0.8,0.0001,1e-005,10000,2,1054,40,1094,3.66,'0:03:30',10000,' '),(19,7,6,1,0.8,0.7,0.0001,1e-005,10000,2,1010,84,1094,7.68,'0:03:36',10000,' '),(19,7,6,1,0.25,0.8,0.0001,1e-005,10000,2,1046,48,1094,4.39,'0:03:29',10000,' '),(21,7,5,1,0.25,0.8,0.0001,1e-005,10000,2,1065,29,1094,2.65,'0:02:54',10000,' '),(21,7,5,1,0.2,0.85,0.0001,1e-005,10000,2,1061,33,1094,3.02,'0:02:58',10000,' '),(22,7,6,1,0.25,0.8,0.0001,1e-005,10000,2,1060,34,1094,3.11,'0:03:30',10000,' '),(22,7,6,1,0.25,0.75,0.0001,1e-005,10000,2,1060,34,1094,3.11,'0:03:27',10000,' '),(23,7,7,1,0.25,0.75,0.0001,1e-005,10000,2,1063,31,1094,2.83,'0:03:59',10000,' '),(23,7,7,1,0.1,0.8,0.0001,1e-005,10000,2,1020,74,1094,6.76,'0:04:03',10000,' '),(24,7,3,1,0.25,0.75,0.0001,1e-005,10000,2,1072,22,1094,2.01,'0:02:04',10000,' '),(24,7,3,1,0.2,0.8,0.0001,1e-005,10000,2,1068,26,1094,2.38,'0:02:08',10000,' '),(24,7,3,1,0.3,0.7,0.0001,1e-005,10000,2,1075,19,1094,1.74,'0:02:03',10000,' '),(24,7,3,1,0.4,0.6,0.0001,1e-005,10000,2,1053,41,1094,3.75,'0:02:03',10000,' '),(24,7,3,1,0.35,0.75,0.0001,1e-005,10000,2,1050,44,1094,4.02,'0:02:01',10000,' ');

/*Table structure for table `tab_red` */

DROP TABLE IF EXISTS `tab_red`;

CREATE TABLE `tab_red` (
  `red_id` int(10) unsigned NOT NULL,
  `pro_id` int(10) unsigned NOT NULL,
  `red_num_capas` int(10) unsigned NOT NULL,
  `red_num_neuronas` int(10) unsigned NOT NULL,
  `red_factor_aprendizaje` double NOT NULL,
  `fun_id` int(10) unsigned NOT NULL,
  `red_peso1` double NOT NULL,
  `red_peso2` double NOT NULL,
  `red_ciclos` int(10) unsigned NOT NULL,
  `red_error_deseado` double DEFAULT NULL,
  `red_momento` double DEFAULT NULL,
  `red_error_patron` double DEFAULT NULL,
  PRIMARY KEY (`red_id`),
  KEY `FK_tab_red_2` (`fun_id`),
  KEY `FK_tab_red_1` (`pro_id`) USING BTREE,
  CONSTRAINT `FK_tab_red_1` FOREIGN KEY (`pro_id`) REFERENCES `tab_proyecto` (`pro_id`)
) ENGINE=InnoDB DEFAULT CHARSET=latin1;

/*Data for the table `tab_red` */

insert  into `tab_red`(`red_id`,`pro_id`,`red_num_capas`,`red_num_neuronas`,`red_factor_aprendizaje`,`fun_id`,`red_peso1`,`red_peso2`,`red_ciclos`,`red_error_deseado`,`red_momento`,`red_error_patron`) values (0,0,3,5,0.8,2,-0.5,0.5,10000,0.001,0.7,0.001),(1,1,3,11,0.8,2,-0.5,0.5,10000,0.001,0.7,0.001),(2,2,3,11,0.8,2,-0.5,0.5,10000,0.001,0.7,0.001),(3,3,3,5,0.8,2,-0.5,0.5,10000,0.001,0.7,0.001),(4,4,3,5,0.8,2,-0.5,0.5,10000,0.001,0.7,0.001),(5,5,3,5,0.8,2,-0.5,0.5,10000,1e-005,0.7,0.0001),(6,6,3,5,0.8,3,-0.5,0.5,10000,0.001,0.7,0.001),(7,7,3,5,0.8,0,-0.5,0.5,10000,0.001,0.7,0.001),(8,8,3,12,0.8,2,-0.5,0.5,10000,1e-005,0.7,0.0001),(9,9,3,13,0.4,0,-0.5,0.5,10000,1e-005,0.7,0.0001),(10,10,3,12,0.25,2,-0.5,0.5,10000,1e-005,0.7,0.0001),(11,11,3,13,0.8,2,-0.5,0.5,10000,1e-005,0.7,0.0001),(12,12,3,14,0.25,2,-0.5,0.5,10000,1e-005,0.75,0.0001),(13,13,3,14,0.8,2,-0.5,0.5,10000,0.0001,0.7,0.0001),(14,14,3,15,0.25,2,-0.5,0.5,10000,1e-005,0.7,0.0001),(15,15,3,17,0.8,2,-0.5,0.5,10000,1e-005,0.7,0.0001),(16,16,3,14,0.25,2,-0.5,0.5,10000,1e-005,0.75,0.0001),(17,17,3,14,0.25,2,-0.5,0.5,10000,1e-005,0.8,0.0001),(18,18,3,14,0.25,2,-0.5,0.5,10000,1e-005,0.8,0.0001),(19,19,3,14,0.8,2,-0.5,0.5,10000,1e-005,0.7,0.0001),(20,20,3,5,0.25,2,-0.5,0.5,10000,1e-005,0.8,0.0001),(21,21,3,13,0.25,2,-0.5,0.5,10000,1e-005,0.8,0.0001),(22,22,3,14,0.25,2,-0.5,0.5,10000,1e-005,0.8,0.0001),(23,23,3,15,0.25,2,-0.5,0.5,10000,1e-005,0.75,0.0001),(24,24,3,11,0.25,2,-0.5,0.5,10000,1e-005,0.75,0.0001),(25,25,3,5,0.25,2,-0.5,0.5,10000,1e-005,0.75,0.0001),(26,26,3,15,0.25,2,-0.5,0.5,10000,0.001,0.75,0.001),(27,27,3,14,0.8,2,-0.5,0.5,10000,1e-005,0.7,1e-005),(28,28,3,5,0.8,0,-0.5,0.5,10000,0.001,0.7,0.001);

/*Table structure for table `tab_sinapsis` */

DROP TABLE IF EXISTS `tab_sinapsis`;

CREATE TABLE `tab_sinapsis` (
  `sin_id_neurona_origen` int(10) unsigned NOT NULL,
  `sin_id_neurona_destino` int(10) unsigned NOT NULL,
  `sin_valor_peso` double NOT NULL,
  `sin_potencial_sinaptico` double NOT NULL,
  `tip_sin_id` int(10) unsigned NOT NULL,
  `id_capa_origen` int(10) unsigned NOT NULL,
  `id_capa_destino` int(10) unsigned NOT NULL,
  `id_red` int(10) unsigned NOT NULL,
  PRIMARY KEY (`sin_id_neurona_origen`,`sin_id_neurona_destino`,`id_red`,`id_capa_destino`,`id_capa_origen`) USING BTREE,
  KEY `FK_tab_sinapsis_1` (`tip_sin_id`),
  KEY `FK_tab_sinapsis_2` (`id_capa_origen`),
  KEY `FK_tab_sinapsis_3` (`id_capa_destino`),
  KEY `FK_tab_sinapsis_4` (`id_red`)
) ENGINE=InnoDB DEFAULT CHARSET=latin1;

/*Data for the table `tab_sinapsis` */

insert  into `tab_sinapsis`(`sin_id_neurona_origen`,`sin_id_neurona_destino`,`sin_valor_peso`,`sin_potencial_sinaptico`,`tip_sin_id`,`id_capa_origen`,`id_capa_destino`,`id_red`) values (0,0,0.337981,0,2,0,1,0),(0,0,0.276392,0,2,1,2,0),(0,0,-0.302987,0,2,0,1,1),(0,0,0.127103,0,2,1,2,1),(0,0,-0.078715,0,2,0,1,2),(0,0,0.285042,0,2,1,2,2),(0,0,-0.176604,0,2,0,1,3),(0,0,0.225222,0,2,1,2,3),(0,0,-0.179939,0,2,0,1,4),(0,0,0.03335,0,2,1,2,4),(0,0,-0.421221,0,2,0,1,5),(0,0,-0.263631,0,2,1,2,5),(0,0,-0.190248,0,2,0,1,6),(0,0,0.468268,0,2,1,2,6),(0,0,-0.096628,0,2,0,1,7),(0,0,-0.282051,0,2,1,2,7),(0,0,0.123427,0,2,0,1,8),(0,0,0.016541,0,2,1,2,8),(0,0,0.24175,0,2,0,1,9),(0,0,0.272201,0,2,1,2,9),(0,0,-0.490263,0,2,0,1,10),(0,0,0.218318,0,2,1,2,10),(0,0,0.172103,0,2,0,1,11),(0,0,0.393181,0,2,1,2,11),(0,0,-0.080868,0,2,0,1,12),(0,0,0.310659,0,2,1,2,12),(0,0,0.410058,0,2,0,1,13),(0,0,0.254498,0,2,1,2,13),(0,0,0.305418,0,2,0,1,14),(0,0,0.24574,0,2,1,2,14),(0,0,-0.102597,0,2,0,1,15),(0,0,-0.057414,0,2,1,2,15),(0,0,-0.111929,0,2,0,1,16),(0,0,-0.357251,0,2,1,2,16),(0,0,-0.023607,0,2,0,1,17),(0,0,-0.176785,0,2,1,2,17),(0,0,0.396439,0,2,0,1,18),(0,0,0.208356,0,2,1,2,18),(0,0,0.148298,0,2,0,1,19),(0,0,0.452196,0,2,1,2,19),(0,0,0.396321,0,2,0,1,20),(0,0,-0.061848,0,2,1,2,20),(0,0,-0.306573,0,2,0,1,21),(0,0,-0.489009,0,2,1,2,21),(0,0,0.270408,0,2,0,1,22),(0,0,0.00636,0,2,1,2,22),(0,0,-0.039009,0,2,0,1,23),(0,0,-0.062298,0,2,1,2,23),(0,0,0.004968,0,2,0,1,24),(0,0,0.268905,0,2,1,2,24),(0,0,0.37265,0,2,0,1,25),(0,0,-0.299797,0,2,1,2,25),(0,0,-0.333209,0,2,0,1,26),(0,0,0.02088,0,2,1,2,26),(0,0,-0.3758,0,2,0,1,27),(0,0,0.1539,0,2,1,2,27),(0,0,0.031135,0,2,0,1,28),(0,0,-0.301294,0,2,1,2,28),(0,1,-0.494488,0,2,0,1,0),(0,1,-0.037804,0,2,0,1,1),(0,1,0.442441,0,2,0,1,2),(0,1,0.254468,0,2,0,1,3),(0,1,-0.029608,0,2,0,1,4),(0,1,0.164433,0,2,0,1,5),(0,1,-0.110478,0,2,0,1,6),(0,1,0.091188,0,2,0,1,7),(0,1,0.488567,0,2,0,1,8),(0,1,-0.180795,0,2,0,1,9),(0,1,0.435356,0,2,0,1,10),(0,1,-0.496969,0,2,0,1,11),(0,1,-0.481913,0,2,0,1,12),(0,1,-0.469394,0,2,0,1,13),(0,1,-0.201777,0,2,0,1,14),(0,1,-0.279187,0,2,0,1,15),(0,1,0.078134,0,2,0,1,16),(0,1,0.198705,0,2,0,1,17),(0,1,-0.00819,0,2,0,1,18),(0,1,-0.423395,0,2,0,1,19),(0,1,-0.277768,0,2,0,1,20),(0,1,0.149768,0,2,0,1,21),(0,1,0.446349,0,2,0,1,22),(0,1,0.289367,0,2,0,1,23),(0,1,0.304678,0,2,0,1,24),(0,1,0.332669,0,2,0,1,25),(0,1,0.055251,0,2,0,1,26),(0,1,0.055,0,2,0,1,27),(0,1,-0.176289,0,2,0,1,28),(0,2,0.276583,0,2,0,1,1),(0,2,-0.08214,0,2,0,1,2),(0,2,-0.177639,0,2,0,1,8),(0,2,0.044415,0,2,0,1,9),(0,2,0.312816,0,2,0,1,10),(0,2,-0.131599,0,2,0,1,11),(0,2,-0.198958,0,2,0,1,12),(0,2,0.342851,0,2,0,1,13),(0,2,0.187199,0,2,0,1,14),(0,2,0.268444,0,2,0,1,15),(0,2,-0.366182,0,2,0,1,16),(0,2,-0.236295,0,2,0,1,17),(0,2,0.287038,0,2,0,1,18),(0,2,-0.142633,0,2,0,1,19),(0,2,-0.235467,0,2,0,1,21),(0,2,0.334559,0,2,0,1,22),(0,2,-0.139183,0,2,0,1,23),(0,2,-0.193387,0,2,0,1,24),(0,2,0.444944,0,2,0,1,26),(0,2,-0.3607,0,2,0,1,27),(0,3,0.390365,0,2,0,1,1),(0,3,-0.115816,0,2,0,1,2),(0,3,-0.26492,0,2,0,1,8),(0,3,-0.355469,0,2,0,1,9),(0,3,-0.323247,0,2,0,1,10),(0,3,-0.457668,0,2,0,1,11),(0,3,0.487873,0,2,0,1,12),(0,3,-0.256764,0,2,0,1,13),(0,3,-0.489097,0,2,0,1,14),(0,3,0.044139,0,2,0,1,15),(0,3,0.2411,0,2,0,1,16),(0,3,-0.164895,0,2,0,1,17),(0,3,0.366232,0,2,0,1,18),(0,3,-0.187733,0,2,0,1,19),(0,3,0.391882,0,2,0,1,21),(0,3,-0.307954,0,2,0,1,22),(0,3,-0.089999,0,2,0,1,23),(0,3,0.008654,0,2,0,1,26),(0,3,-0.0706,0,2,0,1,27),(0,4,0.256114,0,2,0,1,9),(0,4,0.19763,0,2,0,1,11),(0,4,0.082256,0,2,0,1,12),(0,4,-0.22263,0,2,0,1,13),(0,4,-0.068588,0,2,0,1,14),(0,4,-0.29738,0,2,0,1,15),(0,4,0.065571,0,2,0,1,16),(0,4,0.27429,0,2,0,1,17),(0,4,0.005853,0,2,0,1,18),(0,4,-0.266414,0,2,0,1,19),(0,4,0.03213,0,2,0,1,21),(0,4,-0.215772,0,2,0,1,22),(0,4,0.379901,0,2,0,1,23),(0,4,0.444872,0,2,0,1,26),(0,5,0.256818,0,2,0,1,12),(0,5,0.414752,0,2,0,1,13),(0,5,-0.478362,0,2,0,1,14),(0,5,-0.447153,0,2,0,1,15),(0,5,-0.31783,0,2,0,1,16),(0,5,-0.121294,0,2,0,1,17),(0,5,0.363251,0,2,0,1,18),(0,5,-0.146181,0,2,0,1,19),(0,5,0.383628,0,2,0,1,22),(0,5,0.005817,0,2,0,1,23),(0,6,-0.313381,0,2,0,1,14),(0,6,0.021099,0,2,0,1,15),(0,6,-0.41055,0,2,0,1,23),(0,7,-0.386353,0,2,0,1,15),(0,8,0.415859,0,2,0,1,15),(1,0,-0.223716,0,2,0,1,0),(1,0,-0.160758,0,2,1,2,0),(1,0,0.281585,0,2,0,1,1),(1,0,-0.290697,0,2,1,2,1),(1,0,0.125473,0,2,0,1,2),(1,0,-0.171457,0,2,1,2,2),(1,0,-0.248341,0,2,0,1,3),(1,0,0.409236,0,2,1,2,3),(1,0,0.191716,0,2,0,1,4),(1,0,0.367803,0,2,1,2,4),(1,0,0.28273,0,2,0,1,5),(1,0,-0.371694,0,2,1,2,5),(1,0,-0.040095,0,2,0,1,6),(1,0,0.441397,0,2,1,2,6),(1,0,0.214287,0,2,0,1,7),(1,0,0.358197,0,2,1,2,7),(1,0,0.126207,0,2,0,1,8),(1,0,-0.129104,0,2,1,2,8),(1,0,-0.066057,0,2,0,1,9),(1,0,-0.396111,0,2,1,2,9),(1,0,0.226704,0,2,0,1,10),(1,0,-0.220982,0,2,1,2,10),(1,0,-0.053864,0,2,0,1,11),(1,0,-0.089834,0,2,1,2,11),(1,0,-0.190365,0,2,0,1,12),(1,0,-0.359803,0,2,1,2,12),(1,0,-0.267177,0,2,0,1,13),(1,0,-0.409515,0,2,1,2,13),(1,0,-0.198166,0,2,0,1,14),(1,0,-0.17421,0,2,1,2,14),(1,0,0.000524,0,2,0,1,15),(1,0,0.05009,0,2,1,2,15),(1,0,0.330302,0,2,0,1,16),(1,0,0.291597,0,2,1,2,16),(1,0,0.43009,0,2,0,1,17),(1,0,-0.305775,0,2,1,2,17),(1,0,-0.055266,0,2,0,1,18),(1,0,0.126665,0,2,1,2,18),(1,0,-0.061466,0,2,0,1,19),(1,0,-0.425075,0,2,1,2,19),(1,0,0.356346,0,2,0,1,20),(1,0,-0.470332,0,2,1,2,20),(1,0,0.279253,0,2,0,1,21),(1,0,0.137938,0,2,1,2,21),(1,0,-0.311201,0,2,0,1,22),(1,0,0.317265,0,2,1,2,22),(1,0,0.360172,0,2,0,1,23),(1,0,0.348837,0,2,1,2,23),(1,0,0.38093,0,2,0,1,24),(1,0,0.207997,0,2,1,2,24),(1,0,0.218728,0,2,0,1,25),(1,0,0.275953,0,2,1,2,25),(1,0,-0.146802,0,2,0,1,26),(1,0,-0.069267,0,2,1,2,26),(1,0,-0.4891,0,2,0,1,27),(1,0,-0.2148,0,2,1,2,27),(1,0,0.219854,0,2,0,1,28),(1,0,0.192758,0,2,1,2,28),(1,1,0.387867,0,2,0,1,0),(1,1,-0.316811,0,2,0,1,1),(1,1,0.010099,0,2,0,1,2),(1,1,-0.296206,0,2,0,1,3),(1,1,-0.177352,0,2,0,1,4),(1,1,-0.270402,0,2,0,1,5),(1,1,0.196234,0,2,0,1,6),(1,1,-0.335779,0,2,0,1,7),(1,1,-0.458258,0,2,0,1,8),(1,1,0.00391,0,2,0,1,9),(1,1,-0.203996,0,2,0,1,10),(1,1,-0.383516,0,2,0,1,11),(1,1,0.401152,0,2,0,1,12),(1,1,-0.330952,0,2,0,1,13),(1,1,0.199454,0,2,0,1,14),(1,1,-0.185081,0,2,0,1,15),(1,1,-0.366061,0,2,0,1,16),(1,1,0.303293,0,2,0,1,17),(1,1,0.024734,0,2,0,1,18),(1,1,-0.336653,0,2,0,1,19),(1,1,-0.010572,0,2,0,1,20),(1,1,0.31482,0,2,0,1,21),(1,1,0.267416,0,2,0,1,22),(1,1,0.054886,0,2,0,1,23),(1,1,0.232634,0,2,0,1,24),(1,1,-0.190472,0,2,0,1,25),(1,1,-0.260599,0,2,0,1,26),(1,1,0.1228,0,2,0,1,27),(1,1,-0.425253,0,2,0,1,28),(1,2,-0.361093,0,2,0,1,1),(1,2,0.000518,0,2,0,1,2),(1,2,0.176401,0,2,0,1,8),(1,2,-0.340075,0,2,0,1,9),(1,2,-0.490435,0,2,0,1,10),(1,2,-0.090843,0,2,0,1,11),(1,2,-0.15823,0,2,0,1,12),(1,2,0.280631,0,2,0,1,13),(1,2,0.064559,0,2,0,1,14),(1,2,0.288188,0,2,0,1,15),(1,2,-0.282478,0,2,0,1,16),(1,2,-0.011309,0,2,0,1,17),(1,2,-0.450588,0,2,0,1,18),(1,2,0.231358,0,2,0,1,19),(1,2,-0.044931,0,2,0,1,21),(1,2,0.138426,0,2,0,1,22),(1,2,-0.341415,0,2,0,1,23),(1,2,0.133026,0,2,0,1,24),(1,2,-0.413411,0,2,0,1,26),(1,2,0.1405,0,2,0,1,27),(1,3,0.328748,0,2,0,1,1),(1,3,-0.356052,0,2,0,1,2),(1,3,0.32315,0,2,0,1,8),(1,3,-0.060703,0,2,0,1,9),(1,3,-0.413302,0,2,0,1,10),(1,3,-0.394381,0,2,0,1,11),(1,3,-0.083247,0,2,0,1,12),(1,3,-0.053995,0,2,0,1,13),(1,3,0.213984,0,2,0,1,14),(1,3,-0.083532,0,2,0,1,15),(1,3,0.412953,0,2,0,1,16),(1,3,-0.446309,0,2,0,1,17),(1,3,0.168161,0,2,0,1,18),(1,3,0.203458,0,2,0,1,19),(1,3,-0.370786,0,2,0,1,21),(1,3,-0.062186,0,2,0,1,22),(1,3,0.006039,0,2,0,1,23),(1,3,-0.07599,0,2,0,1,26),(1,3,0.0645,0,2,0,1,27),(1,4,-0.457004,0,2,0,1,9),(1,4,0.380326,0,2,0,1,11),(1,4,-0.420065,0,2,0,1,12),(1,4,-0.127086,0,2,0,1,13),(1,4,-0.488327,0,2,0,1,14),(1,4,-0.256955,0,2,0,1,15),(1,4,-0.238877,0,2,0,1,16),(1,4,-0.05094,0,2,0,1,17),(1,4,-0.295505,0,2,0,1,18),(1,4,-0.149127,0,2,0,1,19),(1,4,0.266596,0,2,0,1,21),(1,4,-0.434121,0,2,0,1,22),(1,4,0.073856,0,2,0,1,23),(1,4,-0.170437,0,2,0,1,26),(1,5,-0.052545,0,2,0,1,12),(1,5,-0.483971,0,2,0,1,13),(1,5,0.478142,0,2,0,1,14),(1,5,-0.23357,0,2,0,1,15),(1,5,0.361239,0,2,0,1,16),(1,5,0.011143,0,2,0,1,17),(1,5,-0.456701,0,2,0,1,18),(1,5,0.483382,0,2,0,1,19),(1,5,0.13518,0,2,0,1,22),(1,5,-0.227131,0,2,0,1,23),(1,6,0.404477,0,2,0,1,14),(1,6,0.345362,0,2,0,1,15),(1,6,0.118173,0,2,0,1,23),(1,7,0.16334,0,2,0,1,15),(1,8,-0.027282,0,2,0,1,15),(2,0,0.040662,0,2,0,1,1),(2,0,-0.281947,0,2,1,2,1),(2,0,0.458343,0,2,0,1,2),(2,0,0.340009,0,2,1,2,2),(2,0,0.472979,0,2,0,1,8),(2,0,0.20545,0,2,1,2,8),(2,0,-0.334722,0,2,0,1,9),(2,0,-0.446542,0,2,1,2,9),(2,0,0.08075,0,2,0,1,10),(2,0,-0.167499,0,2,1,2,10),(2,0,-0.023858,0,2,0,1,11),(2,0,-0.430637,0,2,1,2,11),(2,0,-0.496145,0,2,0,1,12),(2,0,-0.28697,0,2,1,2,12),(2,0,-0.281997,0,2,0,1,13),(2,0,0.457912,0,2,1,2,13),(2,0,0.068375,0,2,0,1,14),(2,0,-0.270192,0,2,1,2,14),(2,0,-0.408935,0,2,0,1,15),(2,0,0.329361,0,2,1,2,15),(2,0,0.40469,0,2,0,1,16),(2,0,0.041536,0,2,1,2,16),(2,0,-0.42529,0,2,0,1,17),(2,0,-0.204276,0,2,1,2,17),(2,0,0.383493,0,2,0,1,18),(2,0,-0.347661,0,2,1,2,18),(2,0,-0.397102,0,2,0,1,19),(2,0,-0.223861,0,2,1,2,19),(2,0,-0.423216,0,2,0,1,21),(2,0,-0.292762,0,2,1,2,21),(2,0,0.462466,0,2,0,1,22),(2,0,-0.135651,0,2,1,2,22),(2,0,-0.337609,0,2,0,1,23),(2,0,-0.029547,0,2,1,2,23),(2,0,-0.299107,0,2,0,1,24),(2,0,-0.162504,0,2,1,2,24),(2,0,-0.053788,0,2,0,1,26),(2,0,0.136247,0,2,1,2,26),(2,0,0.3869,0,2,0,1,27),(2,0,0.3659,0,2,1,2,27),(2,1,-0.341264,0,2,0,1,1),(2,1,-0.278051,0,2,0,1,2),(2,1,0.01003,0,2,0,1,8),(2,1,0.023482,0,2,0,1,9),(2,1,-0.240704,0,2,0,1,10),(2,1,0.350728,0,2,0,1,11),(2,1,-0.431195,0,2,0,1,12),(2,1,-0.324989,0,2,0,1,13),(2,1,-0.382248,0,2,0,1,14),(2,1,0.064334,0,2,0,1,15),(2,1,-0.24499,0,2,0,1,16),(2,1,-0.019788,0,2,0,1,17),(2,1,-0.016302,0,2,0,1,18),(2,1,0.031333,0,2,0,1,19),(2,1,-0.328166,0,2,0,1,21),(2,1,-0.453234,0,2,0,1,22),(2,1,-0.190961,0,2,0,1,23),(2,1,0.099229,0,2,0,1,24),(2,1,-0.093467,0,2,0,1,26),(2,1,-0.0567,0,2,0,1,27),(2,2,-0.075551,0,2,0,1,1),(2,2,0.327798,0,2,0,1,2),(2,2,-0.086567,0,2,0,1,8),(2,2,-0.377835,0,2,0,1,9),(2,2,0.361562,0,2,0,1,10),(2,2,0.469427,0,2,0,1,11),(2,2,-0.059375,0,2,0,1,12),(2,2,0.230694,0,2,0,1,13),(2,2,-0.128001,0,2,0,1,14),(2,2,-0.3639,0,2,0,1,15),(2,2,0.357993,0,2,0,1,16),(2,2,-0.375956,0,2,0,1,17),(2,2,0.29102,0,2,0,1,18),(2,2,-0.156996,0,2,0,1,19),(2,2,0.23755,0,2,0,1,21),(2,2,0.476541,0,2,0,1,22),(2,2,0.191508,0,2,0,1,23),(2,2,-0.353687,0,2,0,1,24),(2,2,0.247222,0,2,0,1,26),(2,2,-0.1599,0,2,0,1,27),(2,3,-0.023357,0,2,0,1,1),(2,3,0.208841,0,2,0,1,2),(2,3,-0.170981,0,2,0,1,8),(2,3,0.187165,0,2,0,1,9),(2,3,-0.268051,0,2,0,1,10),(2,3,0.143358,0,2,0,1,11),(2,3,-0.455676,0,2,0,1,12),(2,3,0.055781,0,2,0,1,13),(2,3,-0.012127,0,2,0,1,14),(2,3,0.482744,0,2,0,1,15),(2,3,-0.205688,0,2,0,1,16),(2,3,-0.379088,0,2,0,1,17),(2,3,-0.056638,0,2,0,1,18),(2,3,0.12305,0,2,0,1,19),(2,3,-0.481644,0,2,0,1,21),(2,3,-0.151639,0,2,0,1,22),(2,3,-0.20551,0,2,0,1,23),(2,3,0.056027,0,2,0,1,26),(2,3,0.0624,0,2,0,1,27),(2,4,0.033034,0,2,0,1,9),(2,4,-0.443973,0,2,0,1,11),(2,4,0.106458,0,2,0,1,12),(2,4,-0.397135,0,2,0,1,13),(2,4,-0.031326,0,2,0,1,14),(2,4,0.300005,0,2,0,1,15),(2,4,-0.122105,0,2,0,1,16),(2,4,0.008499,0,2,0,1,17),(2,4,-0.12113,0,2,0,1,18),(2,4,0.215143,0,2,0,1,19),(2,4,0.157888,0,2,0,1,21),(2,4,0.407628,0,2,0,1,22),(2,4,0.15986,0,2,0,1,23),(2,4,0.011028,0,2,0,1,26),(2,5,0.036175,0,2,0,1,12),(2,5,0.246697,0,2,0,1,13),(2,5,0.143372,0,2,0,1,14),(2,5,-0.44509,0,2,0,1,15),(2,5,0.420679,0,2,0,1,16),(2,5,-0.410018,0,2,0,1,17),(2,5,-0.351035,0,2,0,1,18),(2,5,-0.196924,0,2,0,1,19),(2,5,-0.355282,0,2,0,1,22),(2,5,0.201161,0,2,0,1,23),(2,6,-0.479075,0,2,0,1,14),(2,6,0.480385,0,2,0,1,15),(2,6,-0.160024,0,2,0,1,23),(2,7,0.194449,0,2,0,1,15),(2,8,-0.131305,0,2,0,1,15),(3,0,0.231606,0,2,0,1,1),(3,0,-0.408959,0,2,1,2,1),(3,0,-0.212944,0,2,0,1,2),(3,0,0.460413,0,2,1,2,2),(3,0,-0.061499,0,2,0,1,8),(3,0,0.360798,0,2,1,2,8),(3,0,-0.048657,0,2,0,1,9),(3,0,-0.49885,0,2,1,2,9),(3,0,-0.160818,0,2,0,1,10),(3,0,0.384201,0,2,1,2,10),(3,0,0.108127,0,2,0,1,11),(3,0,0.203162,0,2,1,2,11),(3,0,-0.421757,0,2,0,1,12),(3,0,0.348262,0,2,1,2,12),(3,0,-0.129939,0,2,0,1,13),(3,0,0.052295,0,2,1,2,13),(3,0,0.337298,0,2,0,1,14),(3,0,-0.346006,0,2,1,2,14),(3,0,-0.363492,0,2,0,1,15),(3,0,0.122973,0,2,1,2,15),(3,0,-0.175353,0,2,0,1,16),(3,0,-0.41568,0,2,1,2,16),(3,0,0.220197,0,2,0,1,17),(3,0,0.460304,0,2,1,2,17),(3,0,0.165233,0,2,0,1,18),(3,0,0.32148,0,2,1,2,18),(3,0,0.404052,0,2,0,1,19),(3,0,-0.25811,0,2,1,2,19),(3,0,0.094113,0,2,0,1,21),(3,0,0.282272,0,2,1,2,21),(3,0,-0.2287,0,2,0,1,22),(3,0,0.4186,0,2,1,2,22),(3,0,0.110748,0,2,0,1,23),(3,0,-0.115538,0,2,1,2,23),(3,0,-0.30737,0,2,0,1,24),(3,0,-0.365923,0,2,0,1,26),(3,0,0.149025,0,2,1,2,26),(3,0,0.0822,0,2,0,1,27),(3,0,-0.3354,0,2,1,2,27),(3,1,0.365497,0,2,0,1,1),(3,1,0.298308,0,2,0,1,2),(3,1,0.349737,0,2,0,1,8),(3,1,-0.484373,0,2,0,1,9),(3,1,0.395582,0,2,0,1,10),(3,1,0.252625,0,2,0,1,11),(3,1,0.26364,0,2,0,1,12),(3,1,0.359813,0,2,0,1,13),(3,1,0.2579,0,2,0,1,14),(3,1,-0.145752,0,2,0,1,15),(3,1,0.429063,0,2,0,1,16),(3,1,0.033202,0,2,0,1,17),(3,1,-0.22184,0,2,0,1,18),(3,1,0.317488,0,2,0,1,19),(3,1,-0.186047,0,2,0,1,21),(3,1,0.383599,0,2,0,1,22),(3,1,-0.233237,0,2,0,1,23),(3,1,0.378959,0,2,0,1,24),(3,1,-0.483303,0,2,0,1,26),(3,1,-0.3571,0,2,0,1,27),(3,2,-0.02851,0,2,0,1,1),(3,2,0.186517,0,2,0,1,2),(3,2,-0.459082,0,2,0,1,8),(3,2,-0.186368,0,2,0,1,9),(3,2,-0.287064,0,2,0,1,10),(3,2,0.29192,0,2,0,1,11),(3,2,-0.372423,0,2,0,1,12),(3,2,0.471345,0,2,0,1,13),(3,2,-0.02302,0,2,0,1,14),(3,2,-0.22171,0,2,0,1,15),(3,2,-0.484488,0,2,0,1,16),(3,2,-0.264918,0,2,0,1,17),(3,2,0.422922,0,2,0,1,18),(3,2,0.029402,0,2,0,1,19),(3,2,0.443451,0,2,0,1,21),(3,2,-0.266797,0,2,0,1,22),(3,2,-0.153237,0,2,0,1,23),(3,2,-0.055324,0,2,0,1,24),(3,2,-0.403919,0,2,0,1,26),(3,2,0.0169,0,2,0,1,27),(3,3,0.250102,0,2,0,1,1),(3,3,-0.054328,0,2,0,1,2),(3,3,0.270429,0,2,0,1,8),(3,3,0.446714,0,2,0,1,9),(3,3,0.251421,0,2,0,1,10),(3,3,-0.080732,0,2,0,1,11),(3,3,-0.301023,0,2,0,1,12),(3,3,-0.166151,0,2,0,1,13),(3,3,-0.361946,0,2,0,1,14),(3,3,-0.468947,0,2,0,1,15),(3,3,-0.124134,0,2,0,1,16),(3,3,0.26855,0,2,0,1,17),(3,3,0.048927,0,2,0,1,18),(3,3,-0.099445,0,2,0,1,19),(3,3,-0.005165,0,2,0,1,21),(3,3,-0.335589,0,2,0,1,22),(3,3,0.199233,0,2,0,1,23),(3,3,-0.372337,0,2,0,1,26),(3,3,-0.1071,0,2,0,1,27),(3,4,-0.469703,0,2,0,1,9),(3,4,-0.026531,0,2,0,1,11),(3,4,0.309843,0,2,0,1,12),(3,4,-0.255009,0,2,0,1,13),(3,4,-0.45926,0,2,0,1,14),(3,4,0.1623,0,2,0,1,15),(3,4,0.478849,0,2,0,1,16),(3,4,-0.293083,0,2,0,1,17),(3,4,0.13681,0,2,0,1,18),(3,4,0.05232,0,2,0,1,19),(3,4,-0.28157,0,2,0,1,21),(3,4,0.279577,0,2,0,1,22),(3,4,-0.187751,0,2,0,1,23),(3,4,-0.043832,0,2,0,1,26),(3,5,-0.34127,0,2,0,1,12),(3,5,0.130428,0,2,0,1,13),(3,5,-0.122871,0,2,0,1,14),(3,5,0.074604,0,2,0,1,15),(3,5,0.164246,0,2,0,1,16),(3,5,-0.18155,0,2,0,1,17),(3,5,-0.496386,0,2,0,1,18),(3,5,0.191845,0,2,0,1,19),(3,5,0.023682,0,2,0,1,22),(3,5,-0.275175,0,2,0,1,23),(3,6,-0.105521,0,2,0,1,14),(3,6,-0.094519,0,2,0,1,15),(3,6,0.274001,0,2,0,1,23),(3,7,0.498645,0,2,0,1,15),(3,8,0.342423,0,2,0,1,15),(4,0,0.381027,0,2,0,1,1),(4,0,-0.125986,0,2,0,1,2),(4,0,0.392812,0,2,0,1,8),(4,0,-0.047231,0,2,0,1,9),(4,0,-0.245994,0,2,1,2,9),(4,0,0.207712,0,2,0,1,10),(4,0,0.405487,0,2,0,1,11),(4,0,0.417447,0,2,1,2,11),(4,0,0.270312,0,2,0,1,12),(4,0,-0.286368,0,2,1,2,12),(4,0,-0.38412,0,2,0,1,13),(4,0,-0.240765,0,2,1,2,13),(4,0,-0.007505,0,2,0,1,14),(4,0,-0.125442,0,2,1,2,14),(4,0,0.208416,0,2,0,1,15),(4,0,-0.031816,0,2,1,2,15),(4,0,-0.059299,0,2,0,1,16),(4,0,-0.492354,0,2,1,2,16),(4,0,0.356934,0,2,0,1,17),(4,0,-0.047794,0,2,1,2,17),(4,0,0.020509,0,2,0,1,18),(4,0,-0.124986,0,2,1,2,18),(4,0,0.304911,0,2,0,1,19),(4,0,-0.403439,0,2,1,2,19),(4,0,0.216065,0,2,0,1,21),(4,0,-0.334442,0,2,1,2,21),(4,0,-0.382652,0,2,0,1,22),(4,0,-0.001449,0,2,1,2,22),(4,0,0.149311,0,2,0,1,23),(4,0,-0.268851,0,2,1,2,23),(4,0,0.469543,0,2,0,1,24),(4,0,-0.039381,0,2,0,1,26),(4,0,0.333756,0,2,1,2,26),(4,0,0.3992,0,2,0,1,27),(4,1,0.297014,0,2,0,1,1),(4,1,0.320767,0,2,0,1,2),(4,1,0.428522,0,2,0,1,8),(4,1,-0.328151,0,2,0,1,9),(4,1,0.085831,0,2,0,1,10),(4,1,-0.011596,0,2,0,1,11),(4,1,0.346012,0,2,0,1,12),(4,1,-0.276171,0,2,0,1,13),(4,1,0.43813,0,2,0,1,14),(4,1,0.433323,0,2,0,1,15),(4,1,-0.43195,0,2,0,1,16),(4,1,0.046947,0,2,0,1,17),(4,1,-0.321011,0,2,0,1,18),(4,1,0.271379,0,2,0,1,19),(4,1,0.311114,0,2,0,1,21),(4,1,-0.446426,0,2,0,1,22),(4,1,-0.217607,0,2,0,1,23),(4,1,-0.155053,0,2,0,1,24),(4,1,0.027146,0,2,0,1,26),(4,1,0.2616,0,2,0,1,27),(4,2,-0.296767,0,2,0,1,1),(4,2,0.027979,0,2,0,1,2),(4,2,0.486621,0,2,0,1,8),(4,2,0.331046,0,2,0,1,9),(4,2,-0.299004,0,2,0,1,10),(4,2,-0.384247,0,2,0,1,11),(4,2,-0.218386,0,2,0,1,12),(4,2,0.058282,0,2,0,1,13),(4,2,0.011056,0,2,0,1,14),(4,2,0.251301,0,2,0,1,15),(4,2,0.161,0,2,0,1,16),(4,2,0.343919,0,2,0,1,17),(4,2,0.312788,0,2,0,1,18),(4,2,0.190548,0,2,0,1,19),(4,2,-0.366515,0,2,0,1,21),(4,2,-0.106139,0,2,0,1,22),(4,2,0.117664,0,2,0,1,23),(4,2,-0.237461,0,2,0,1,24),(4,2,0.278525,0,2,0,1,26),(4,2,0.1692,0,2,0,1,27),(4,3,-0.36573,0,2,0,1,1),(4,3,-0.458619,0,2,0,1,2),(4,3,-0.360181,0,2,0,1,8),(4,3,-0.043755,0,2,0,1,9),(4,3,0.245214,0,2,0,1,10),(4,3,0.483838,0,2,0,1,11),(4,3,0.323682,0,2,0,1,12),(4,3,0.01959,0,2,0,1,13),(4,3,0.279635,0,2,0,1,14),(4,3,-0.108852,0,2,0,1,15),(4,3,-0.47148,0,2,0,1,16),(4,3,0.003833,0,2,0,1,17),(4,3,0.341189,0,2,0,1,18),(4,3,-0.448698,0,2,0,1,19),(4,3,-0.41739,0,2,0,1,21),(4,3,-0.498856,0,2,0,1,22),(4,3,-0.186906,0,2,0,1,23),(4,3,0.06583,0,2,0,1,26),(4,3,-0.1877,0,2,0,1,27),(4,4,-0.475172,0,2,0,1,9),(4,4,0.13842,0,2,0,1,11),(4,4,-0.2831,0,2,0,1,12),(4,4,-0.494958,0,2,0,1,13),(4,4,-0.331345,0,2,0,1,14),(4,4,-0.326707,0,2,0,1,15),(4,4,-0.407247,0,2,0,1,16),(4,4,0.099599,0,2,0,1,17),(4,4,-0.279108,0,2,0,1,18),(4,4,0.461872,0,2,0,1,19),(4,4,0.071645,0,2,0,1,21),(4,4,-0.398074,0,2,0,1,22),(4,4,-0.119806,0,2,0,1,23),(4,4,0.203262,0,2,0,1,26),(4,5,-0.199517,0,2,0,1,12),(4,5,-0.175454,0,2,0,1,13),(4,5,-0.449041,0,2,0,1,14),(4,5,0.474788,0,2,0,1,15),(4,5,0.202902,0,2,0,1,16),(4,5,-0.264452,0,2,0,1,17),(4,5,0.293775,0,2,0,1,18),(4,5,-0.336198,0,2,0,1,19),(4,5,-0.024821,0,2,0,1,22),(4,5,0.238398,0,2,0,1,23),(4,6,-0.481139,0,2,0,1,14),(4,6,-0.309622,0,2,0,1,15),(4,6,-0.155753,0,2,0,1,23),(4,7,-0.390596,0,2,0,1,15),(4,8,0.440281,0,2,0,1,15),(5,0,-0.388513,0,2,0,1,1),(5,0,0.117446,0,2,0,1,2),(5,0,-0.316587,0,2,0,1,8),(5,0,0.303434,0,2,0,1,9),(5,0,-0.431699,0,2,0,1,10),(5,0,-0.273647,0,2,0,1,11),(5,0,0.424965,0,2,0,1,12),(5,0,0.2428,0,2,1,2,12),(5,0,-0.255712,0,2,0,1,13),(5,0,-0.277307,0,2,1,2,13),(5,0,-0.16625,0,2,0,1,14),(5,0,-0.086865,0,2,1,2,14),(5,0,0.124773,0,2,0,1,15),(5,0,-0.493017,0,2,1,2,15),(5,0,-0.389546,0,2,0,1,16),(5,0,-0.130567,0,2,1,2,16),(5,0,0.088735,0,2,0,1,17),(5,0,0.322592,0,2,1,2,17),(5,0,0.185657,0,2,0,1,18),(5,0,0.432131,0,2,1,2,18),(5,0,0.009005,0,2,0,1,19),(5,0,-0.091417,0,2,1,2,19),(5,0,0.461382,0,2,0,1,21),(5,0,0.472098,0,2,0,1,22),(5,0,-0.00243,0,2,1,2,22),(5,0,0.484496,0,2,0,1,23),(5,0,0.281816,0,2,1,2,23),(5,0,-0.187561,0,2,0,1,24),(5,0,0.457006,0,2,0,1,26),(5,0,0.1225,0,2,0,1,27),(5,1,-0.346352,0,2,0,1,1),(5,1,-0.368436,0,2,0,1,2),(5,1,-0.048725,0,2,0,1,8),(5,1,-0.127983,0,2,0,1,9),(5,1,-0.355999,0,2,0,1,10),(5,1,0.04729,0,2,0,1,11),(5,1,-0.226148,0,2,0,1,12),(5,1,-0.258843,0,2,0,1,13),(5,1,-0.252814,0,2,0,1,14),(5,1,-0.319544,0,2,0,1,15),(5,1,0.214153,0,2,0,1,16),(5,1,-0.359165,0,2,0,1,17),(5,1,0.416823,0,2,0,1,18),(5,1,-0.073259,0,2,0,1,19),(5,1,0.476883,0,2,0,1,21),(5,1,0.045698,0,2,0,1,22),(5,1,0.235152,0,2,0,1,23),(5,1,0.114028,0,2,0,1,24),(5,1,0.471934,0,2,0,1,26),(5,1,-0.3354,0,2,0,1,27),(5,2,-0.036207,0,2,0,1,1),(5,2,-0.403545,0,2,0,1,2),(5,2,-0.151055,0,2,0,1,8),(5,2,-0.196058,0,2,0,1,9),(5,2,0.259167,0,2,0,1,10),(5,2,0.170289,0,2,0,1,11),(5,2,0.437034,0,2,0,1,12),(5,2,0.110827,0,2,0,1,13),(5,2,-0.375625,0,2,0,1,14),(5,2,0.250789,0,2,0,1,15),(5,2,0.297736,0,2,0,1,16),(5,2,-0.267699,0,2,0,1,17),(5,2,0.343732,0,2,0,1,18),(5,2,0.093556,0,2,0,1,19),(5,2,0.102082,0,2,0,1,21),(5,2,-0.116215,0,2,0,1,22),(5,2,-0.208448,0,2,0,1,23),(5,2,-0.246441,0,2,0,1,24),(5,2,-0.212904,0,2,0,1,26),(5,2,-0.2253,0,2,0,1,27),(5,3,0.117091,0,2,0,1,1),(5,3,0.248214,0,2,0,1,2),(5,3,0.151651,0,2,0,1,8),(5,3,0.11413,0,2,0,1,9),(5,3,-0.37403,0,2,0,1,10),(5,3,-0.137147,0,2,0,1,11),(5,3,-0.493716,0,2,0,1,12),(5,3,-0.319873,0,2,0,1,13),(5,3,-0.087251,0,2,0,1,14),(5,3,-0.058081,0,2,0,1,15),(5,3,-0.357677,0,2,0,1,16),(5,3,0.102587,0,2,0,1,17),(5,3,0.460281,0,2,0,1,18),(5,3,-0.081156,0,2,0,1,19),(5,3,0.471035,0,2,0,1,21),(5,3,-0.18214,0,2,0,1,22),(5,3,0.493432,0,2,0,1,23),(5,3,-0.134194,0,2,0,1,26),(5,3,0.4123,0,2,0,1,27),(5,4,-0.31657,0,2,0,1,9),(5,4,-0.090686,0,2,0,1,11),(5,4,-0.435789,0,2,0,1,12),(5,4,-0.393681,0,2,0,1,13),(5,4,-0.087818,0,2,0,1,14),(5,4,0.077373,0,2,0,1,15),(5,4,0.337037,0,2,0,1,16),(5,4,-0.221332,0,2,0,1,17),(5,4,-0.245208,0,2,0,1,18),(5,4,0.284615,0,2,0,1,19),(5,4,0.403677,0,2,0,1,21),(5,4,0.315495,0,2,0,1,22),(5,4,0.003061,0,2,0,1,23),(5,4,0.033337,0,2,0,1,26),(5,5,0.191559,0,2,0,1,12),(5,5,-0.018278,0,2,0,1,13),(5,5,0.239255,0,2,0,1,14),(5,5,0.31518,0,2,0,1,15),(5,5,-0.046364,0,2,0,1,16),(5,5,0.38595,0,2,0,1,17),(5,5,0.31182,0,2,0,1,18),(5,5,0.198767,0,2,0,1,19),(5,5,-0.213888,0,2,0,1,22),(5,5,0.090227,0,2,0,1,23),(5,6,0.221489,0,2,0,1,14),(5,6,0.082275,0,2,0,1,15),(5,6,-0.297474,0,2,0,1,23),(5,7,-0.047431,0,2,0,1,15),(5,8,-0.465633,0,2,0,1,15),(6,0,0.381847,0,2,0,1,8),(6,0,0.33536,0,2,0,1,9),(6,0,-0.48152,0,2,0,1,10),(6,0,-0.174527,0,2,0,1,11),(6,0,0.091235,0,2,0,1,12),(6,0,-0.080892,0,2,0,1,13),(6,0,0.06541,0,2,0,1,14),(6,0,0.087833,0,2,1,2,14),(6,0,0.317229,0,2,0,1,15),(6,0,0.35936,0,2,1,2,15),(6,0,-0.289974,0,2,0,1,16),(6,0,0.219021,0,2,0,1,17),(6,0,0.195729,0,2,0,1,18),(6,0,0.185201,0,2,0,1,19),(6,0,-0.38688,0,2,0,1,21),(6,0,0.288047,0,2,0,1,22),(6,0,-0.015235,0,2,0,1,23),(6,0,-0.157484,0,2,1,2,23),(6,0,0.053714,0,2,0,1,24),(6,0,-0.008078,0,2,0,1,26),(6,0,-0.0622,0,2,0,1,27),(6,1,-0.014412,0,2,0,1,8),(6,1,0.438292,0,2,0,1,9),(6,1,0.023281,0,2,0,1,10),(6,1,-0.071595,0,2,0,1,11),(6,1,-0.38027,0,2,0,1,12),(6,1,-0.459276,0,2,0,1,13),(6,1,0.197109,0,2,0,1,14),(6,1,-0.048041,0,2,0,1,15),(6,1,0.338808,0,2,0,1,16),(6,1,-0.150047,0,2,0,1,17),(6,1,-0.476883,0,2,0,1,18),(6,1,-0.151618,0,2,0,1,19),(6,1,-0.350596,0,2,0,1,21),(6,1,-0.050606,0,2,0,1,22),(6,1,-0.313355,0,2,0,1,23),(6,1,-0.083875,0,2,0,1,24),(6,1,-0.117676,0,2,0,1,26),(6,1,0.3125,0,2,0,1,27),(6,2,0.122304,0,2,0,1,8),(6,2,0.059191,0,2,0,1,9),(6,2,-0.130748,0,2,0,1,10),(6,2,0.277292,0,2,0,1,11),(6,2,0.239912,0,2,0,1,12),(6,2,0.31838,0,2,0,1,13),(6,2,-0.327975,0,2,0,1,14),(6,2,-0.117105,0,2,0,1,15),(6,2,-0.05821,0,2,0,1,16),(6,2,0.379121,0,2,0,1,17),(6,2,-0.39321,0,2,0,1,18),(6,2,-0.339947,0,2,0,1,19),(6,2,0.182155,0,2,0,1,21),(6,2,0.002161,0,2,0,1,22),(6,2,-0.30502,0,2,0,1,23),(6,2,-0.081274,0,2,0,1,24),(6,2,0.219429,0,2,0,1,26),(6,2,-0.1368,0,2,0,1,27),(6,3,-0.48366,0,2,0,1,8),(6,3,0.370096,0,2,0,1,9),(6,3,0.425652,0,2,0,1,10),(6,3,-0.123308,0,2,0,1,11),(6,3,-0.152089,0,2,0,1,12),(6,3,-0.033489,0,2,0,1,13),(6,3,-0.164027,0,2,0,1,14),(6,3,-0.4773,0,2,0,1,15),(6,3,0.287094,0,2,0,1,16),(6,3,-0.236159,0,2,0,1,17),(6,3,0.1674,0,2,0,1,18),(6,3,-0.43041,0,2,0,1,19),(6,3,-0.164381,0,2,0,1,21),(6,3,-0.416356,0,2,0,1,22),(6,3,0.001585,0,2,0,1,23),(6,3,0.387276,0,2,0,1,26),(6,3,-0.0353,0,2,0,1,27),(6,4,-0.062037,0,2,0,1,9),(6,4,0.262744,0,2,0,1,11),(6,4,-0.242438,0,2,0,1,12),(6,4,0.320415,0,2,0,1,13),(6,4,0.479949,0,2,0,1,14),(6,4,0.080132,0,2,0,1,15),(6,4,0.449509,0,2,0,1,16),(6,4,-0.208475,0,2,0,1,17),(6,4,0.469078,0,2,0,1,18),(6,4,-0.03279,0,2,0,1,19),(6,4,0.459385,0,2,0,1,21),(6,4,-0.088252,0,2,0,1,22),(6,4,-0.323051,0,2,0,1,23),(6,4,0.29108,0,2,0,1,26),(6,5,0.349079,0,2,0,1,12),(6,5,0.352399,0,2,0,1,13),(6,5,0.113031,0,2,0,1,14),(6,5,0.035435,0,2,0,1,15),(6,5,0.052491,0,2,0,1,16),(6,5,0.468323,0,2,0,1,17),(6,5,0.098487,0,2,0,1,18),(6,5,0.151941,0,2,0,1,19),(6,5,-0.472369,0,2,0,1,22),(6,5,0.022253,0,2,0,1,23),(6,6,-0.248727,0,2,0,1,14),(6,6,-0.112905,0,2,0,1,15),(6,6,0.092936,0,2,0,1,23),(6,7,0.474627,0,2,0,1,15),(6,8,0.241006,0,2,0,1,15),(7,0,0.204571,0,2,1,2,15),(7,0,-0.334233,0,2,0,1,26),(7,0,-0.3517,0,2,0,1,27),(7,1,-0.141619,0,2,0,1,26),(7,1,0.1903,0,2,0,1,27),(7,2,0.470107,0,2,0,1,26),(7,2,-0.1673,0,2,0,1,27),(7,3,-0.105701,0,2,0,1,26),(7,3,0.0641,0,2,0,1,27),(7,4,0.127045,0,2,0,1,26),(8,0,-0.260213,0,2,1,2,15),(8,0,-0.056267,0,2,0,1,26),(8,0,0.0261,0,2,0,1,27),(8,1,0.111265,0,2,0,1,26),(8,1,0.0581,0,2,0,1,27),(8,2,0.477352,0,2,0,1,26),(8,2,0.3804,0,2,0,1,27),(8,3,0.119177,0,2,0,1,26),(8,3,0.0013,0,2,0,1,27),(8,4,0.293158,0,2,0,1,26);

/*Table structure for table `tab_tipo_neurona` */

DROP TABLE IF EXISTS `tab_tipo_neurona`;

CREATE TABLE `tab_tipo_neurona` (
  `tip_neu_id` int(10) unsigned NOT NULL AUTO_INCREMENT,
  `tip_neu_descripcion` varchar(45) NOT NULL,
  PRIMARY KEY (`tip_neu_id`)
) ENGINE=InnoDB AUTO_INCREMENT=4 DEFAULT CHARSET=latin1 COMMENT='guarda los tipos de Neuronas';

/*Data for the table `tab_tipo_neurona` */

insert  into `tab_tipo_neurona`(`tip_neu_id`,`tip_neu_descripcion`) values (1,'PERCEPTRON SIMPLE'),(2,'PERCEPTRON MULTICAPA'),(3,'FEED-FORWARD');

/*Table structure for table `tab_tipo_red` */

DROP TABLE IF EXISTS `tab_tipo_red`;

CREATE TABLE `tab_tipo_red` (
  `tipo_id` int(10) unsigned NOT NULL AUTO_INCREMENT,
  `tipo_descripcion` varchar(45) NOT NULL,
  PRIMARY KEY (`tipo_id`)
) ENGINE=InnoDB DEFAULT CHARSET=latin1;

/*Data for the table `tab_tipo_red` */

/*Table structure for table `tab_tipo_sinapsis` */

DROP TABLE IF EXISTS `tab_tipo_sinapsis`;

CREATE TABLE `tab_tipo_sinapsis` (
  `tip_sin_id` int(10) unsigned NOT NULL AUTO_INCREMENT,
  `tip_sin_descripcion` varchar(45) NOT NULL,
  PRIMARY KEY (`tip_sin_id`) USING BTREE
) ENGINE=InnoDB AUTO_INCREMENT=3 DEFAULT CHARSET=latin1;

/*Data for the table `tab_tipo_sinapsis` */

insert  into `tab_tipo_sinapsis`(`tip_sin_id`,`tip_sin_descripcion`) values (1,'LINEAL'),(2,'TOTAL');

/*Table structure for table `tab_usuario` */

DROP TABLE IF EXISTS `tab_usuario`;

CREATE TABLE `tab_usuario` (
  `usu_id` int(10) unsigned NOT NULL AUTO_INCREMENT,
  `usu_nombre` varchar(45) NOT NULL,
  `usu_password` varchar(45) NOT NULL,
  `usu_estado` int(10) unsigned NOT NULL,
  PRIMARY KEY (`usu_id`)
) ENGINE=InnoDB AUTO_INCREMENT=3 DEFAULT CHARSET=latin1 COMMENT='guarda los datos de los usuario';

/*Data for the table `tab_usuario` */

insert  into `tab_usuario`(`usu_id`,`usu_nombre`,`usu_password`,`usu_estado`) values (1,'JOSUE ORTEGA','OLIMPO',1),(2,'admin','admin',1);

/* Procedure structure for procedure `pr_limpiar_base_datos` */

/*!50003 DROP PROCEDURE IF EXISTS  `pr_limpiar_base_datos` */;

DELIMITER $$

/*!50003 CREATE DEFINER=`root`@`localhost` PROCEDURE `pr_limpiar_base_datos`()
BEGIN
    DELETE FROM tab_sinapsis ;
    DELETE FROM tab_neurona ;
    DELETE FROM tab_capa ;
    DELETE FROM tab_patron;
    DELETE FROM tab_detalle_patron;
    DELETE FROM tab_red ;
    DELETE FROM tab_proyecto ;
END */$$
DELIMITER ;

/*!40101 SET SQL_MODE=@OLD_SQL_MODE */;
/*!40014 SET FOREIGN_KEY_CHECKS=@OLD_FOREIGN_KEY_CHECKS */;
